label,link,own_load,n,median,q1,q3,p5,p95
no_interf,ul,20,6000,1.1115,0.9572,1.4142,0.6967,1.9534
no_interf,ul,40,6000,1.0,0.7533,1.1652,0.517,1.5589
no_interf,ul,60,6000,0.8105,0.608,1.0,0.3766,1.4142
no_interf,ul,80,6000,0.6648,0.4896,1.0,0.3093,1.4142
no_interf,ul,100,6000,0.609,0.4337,0.8769,0.2657,1.1213
no_interf,dl,20,6000,1.229,1.0017,1.4142,0.7848,2.0
no_interf,dl,40,6000,1.0901,0.9423,1.4142,0.7201,1.7954
no_interf,dl,60,6000,1.0,0.8252,1.2563,0.6124,1.6638
no_interf,dl,80,6000,0.9442,0.707,1.0901,0.4941,1.4779
no_interf,dl,100,6000,0.8404,0.6378,1.0,0.387,1.4142
interf,ul,20,6000,1.0,0.792,1.241,0.4876,1.7321
interf,ul,40,6000,0.8763,0.6392,1.0201,0.3665,1.4142
interf,ul,60,6000,0.7292,0.519,1.0,0.2966,1.4142
interf,ul,80,6000,0.6389,0.4549,0.9961,0.2642,1.4142
interf,ul,100,6000,0.6056,0.4286,0.9143,0.2537,1.2851
interf,dl,20,6000,1.0094,0.8492,1.2948,0.6189,1.7321
interf,dl,40,6000,1.0,0.7733,1.1623,0.5499,1.5799
interf,dl,60,6000,0.873,0.7016,1.0087,0.4917,1.4142
interf,dl,80,6000,0.8091,0.6305,1.0,0.4233,1.4142
interf,dl,100,6000,0.7362,0.5673,1.0,0.3742,1.4142
