bandwidth,distance,pan1_offload,pan2_offload,pan,link,rule,best_threshold,TP,FP,FN,TN,precision,recall,fpr,f1,n_interf_seeds,n_no_interf_seeds,n_degenerate_interf,n_degenerate_no_interf,n_floor_skipped_interf,n_floor_skipped_no_interf
100vs100,1300,20,20,PAN1,nvar,ge,0.88225,94,82,6,18,0.534,0.94,0.82,0.681,100,100,0,0,0,0
100vs100,1300,20,20,PAN2,nvar,le,3.65381,100,96,0,4,0.51,1.0,0.96,0.676,100,100,0,0,0,0
100vs100,1300,20,40,PAN1,nvar,ge,1.3557,87,53,13,47,0.621,0.87,0.53,0.725,100,100,0,0,0,0
100vs100,1300,20,40,PAN2,nvar,ge,0.73433,99,95,1,5,0.51,0.99,0.95,0.673,100,100,0,0,0,0
100vs100,1300,20,60,PAN1,nvar,ge,2.04623,86,22,14,78,0.796,0.86,0.22,0.827,100,100,0,0,0,0
100vs100,1300,20,60,PAN2,nvar,le,3.02196,96,89,4,11,0.519,0.96,0.89,0.674,100,100,0,0,0,0
100vs100,1300,20,80,PAN1,nvar,ge,2.19029,90,18,10,82,0.833,0.9,0.18,0.865,100,100,0,0,0,0
100vs100,1300,20,80,PAN2,nvar,ge,0.97423,97,89,3,11,0.522,0.97,0.89,0.678,100,100,0,0,0,0
100vs100,1300,20,100,PAN1,nvar,ge,1.9852,92,22,8,78,0.807,0.92,0.22,0.86,100,100,0,0,0,0
100vs100,1300,20,100,PAN2,nvar,ge,1.03614,96,85,4,15,0.53,0.96,0.85,0.683,100,100,0,0,0,0
100vs100,1300,40,20,PAN1,nvar,ge,0.86685,98,93,2,7,0.513,0.98,0.93,0.674,100,100,0,0,0,0
100vs100,1300,40,20,PAN2,nvar,ge,1.49087,84,53,16,47,0.613,0.84,0.53,0.709,100,100,0,0,0,0
100vs100,1300,40,40,PAN1,nvar,ge,1.41741,93,60,7,40,0.608,0.93,0.6,0.735,100,100,0,0,0,0
100vs100,1300,40,40,PAN2,nvar,ge,1.50738,89,44,11,56,0.669,0.89,0.44,0.764,100,100,0,0,0,0
100vs100,1300,40,60,PAN1,nvar,ge,1.9178,96,25,4,75,0.793,0.96,0.25,0.869,100,100,0,0,0,0
100vs100,1300,40,60,PAN2,nvar,ge,1.89615,78,33,22,67,0.703,0.78,0.33,0.739,100,100,0,0,0,0
100vs100,1300,40,80,PAN1,nvar,ge,2.65911,85,8,15,92,0.914,0.85,0.08,0.881,100,100,0,0,0,0
100vs100,1300,40,80,PAN2,nvar,ge,1.76701,79,40,21,60,0.664,0.79,0.4,0.721,100,100,0,0,0,0
100vs100,1300,40,100,PAN1,nvar,ge,2.52743,91,10,9,90,0.901,0.91,0.1,0.905,100,100,0,0,0,0
100vs100,1300,40,100,PAN2,nvar,ge,1.49355,90,57,10,43,0.612,0.9,0.57,0.729,100,100,0,0,0,0
100vs100,1300,60,20,PAN1,nvar,ge,0.75136,99,95,1,5,0.51,0.99,0.95,0.673,100,100,0,0,0,0
100vs100,1300,60,20,PAN2,nvar,ge,1.82121,89,35,11,65,0.718,0.89,0.35,0.795,100,100,0,0,0,0
100vs100,1300,60,40,PAN1,nvar,ge,1.69504,89,47,11,53,0.654,0.89,0.47,0.754,100,100,0,0,0,0
100vs100,1300,60,40,PAN2,nvar,ge,2.48947,88,9,12,91,0.907,0.88,0.09,0.893,100,100,0,0,0,0
100vs100,1300,60,60,PAN1,nvar,ge,2.24679,91,21,9,79,0.812,0.91,0.21,0.858,100,100,0,0,0,0
100vs100,1300,60,60,PAN2,nvar,ge,2.71546,84,14,16,86,0.857,0.84,0.14,0.848,100,100,0,0,0,0
100vs100,1300,60,80,PAN1,nvar,ge,2.50778,87,15,13,85,0.853,0.87,0.15,0.861,100,100,0,0,0,0
100vs100,1300,60,80,PAN2,nvar,ge,2.63533,84,7,16,93,0.923,0.84,0.07,0.88,100,100,0,0,0,0
100vs100,1300,60,100,PAN1,nvar,ge,2.42693,88,15,12,85,0.854,0.88,0.15,0.867,100,100,0,0,0,0
100vs100,1300,60,100,PAN2,nvar,ge,1.97937,93,40,7,60,0.699,0.93,0.4,0.798,100,100,0,0,0,0
100vs100,1300,80,20,PAN1,nvar,ge,0.0,100,100,0,0,0.5,1.0,1.0,0.667,100,100,0,0,0,0
100vs100,1300,80,20,PAN2,nvar,ge,2.28644,86,20,14,80,0.811,0.86,0.2,0.835,100,100,0,0,0,0
100vs100,1300,80,40,PAN1,nvar,ge,1.72794,80,51,20,49,0.611,0.8,0.51,0.693,100,100,0,0,0,0
100vs100,1300,80,40,PAN2,nvar,ge,2.49329,93,9,7,91,0.912,0.93,0.09,0.921,100,100,0,0,0,0
100vs100,1300,80,60,PAN1,nvar,ge,2.23434,89,31,11,69,0.742,0.89,0.31,0.809,100,100,0,0,0,0
100vs100,1300,80,60,PAN2,nvar,ge,2.10438,94,27,6,73,0.777,0.94,0.27,0.851,100,100,0,0,0,0
100vs100,1300,80,80,PAN1,nvar,ge,2.79951,82,14,18,86,0.854,0.82,0.14,0.837,100,100,0,0,0,0
100vs100,1300,80,80,PAN2,nvar,ge,2.41991,88,14,12,86,0.863,0.88,0.14,0.871,100,100,0,0,0,0
100vs100,1300,80,100,PAN1,nvar,ge,1.95269,92,39,8,61,0.702,0.92,0.39,0.797,100,100,0,0,0,0
100vs100,1300,80,100,PAN2,nvar,ge,2.62492,81,24,19,76,0.771,0.81,0.24,0.79,100,100,0,0,0,0
100vs100,1300,100,20,PAN1,nvar,ge,0.74053,100,98,0,2,0.505,1.0,0.98,0.671,100,100,0,0,0,0
100vs100,1300,100,20,PAN2,nvar,ge,2.27714,89,21,11,79,0.809,0.89,0.21,0.848,100,100,0,0,0,0
100vs100,1300,100,40,PAN1,nvar,ge,1.19394,97,82,3,18,0.542,0.97,0.82,0.695,100,100,0,0,0,0
100vs100,1300,100,40,PAN2,nvar,ge,2.4916,88,9,12,91,0.907,0.88,0.09,0.893,100,100,0,0,0,0
100vs100,1300,100,60,PAN1,nvar,ge,2.31945,86,27,14,73,0.761,0.86,0.27,0.808,100,100,0,0,0,0
100vs100,1300,100,60,PAN2,nvar,ge,2.59224,89,17,11,83,0.84,0.89,0.17,0.864,100,100,0,0,0,0
100vs100,1300,100,80,PAN1,nvar,ge,2.05317,91,38,9,62,0.705,0.91,0.38,0.795,100,100,0,0,0,0
100vs100,1300,100,80,PAN2,nvar,ge,2.63503,89,7,11,93,0.927,0.89,0.07,0.908,100,100,0,0,0,0
100vs100,1300,100,100,PAN1,nvar,ge,2.16047,84,33,16,67,0.718,0.84,0.33,0.774,100,100,0,0,0,0
100vs100,1300,100,100,PAN2,nvar,ge,1.84209,95,45,5,55,0.679,0.95,0.45,0.792,100,100,0,0,0,0
100vs200,1300,20,20,PAN1,nvar,ge,0.75605,99,92,1,8,0.518,0.99,0.92,0.68,100,100,0,0,0,0
100vs200,1300,20,20,PAN2,nvar,ge,0.65367,100,97,0,3,0.508,1.0,0.97,0.673,100,100,0,0,0,0
100vs200,1300,20,40,PAN1,nvar,ge,1.07092,93,68,7,32,0.578,0.93,0.68,0.713,100,100,0,0,0,0
100vs200,1300,20,40,PAN2,nvar,le,2.81862,97,93,3,7,0.511,0.97,0.93,0.669,100,100,0,0,0,0
100vs200,1300,20,60,PAN1,nvar,ge,2.00112,81,22,19,78,0.786,0.81,0.22,0.798,100,100,0,0,0,0
100vs200,1300,20,60,PAN2,nvar,ge,0.62532,100,96,0,4,0.51,1.0,0.96,0.676,100,100,0,0,0,0
100vs200,1300,20,80,PAN1,nvar,ge,1.98393,86,22,14,78,0.796,0.86,0.22,0.827,100,100,0,0,0,0
100vs200,1300,20,80,PAN2,nvar,ge,0.803,95,87,5,13,0.522,0.95,0.87,0.674,100,100,0,0,0,0
100vs200,1300,20,100,PAN1,nvar,ge,1.9788,88,22,12,78,0.8,0.88,0.22,0.838,100,100,0,0,0,0
100vs200,1300,20,100,PAN2,nvar,le,3.2703,97,93,3,7,0.511,0.97,0.93,0.669,100,100,0,0,0,0
100vs200,1300,40,20,PAN1,nvar,le,5.01553,100,98,0,2,0.505,1.0,0.98,0.671,100,100,0,0,0,0
100vs200,1300,40,20,PAN2,nvar,ge,1.04952,95,80,5,20,0.543,0.95,0.8,0.691,100,100,0,0,0,0
100vs200,1300,40,40,PAN1,nvar,ge,1.42155,89,60,11,40,0.597,0.89,0.6,0.715,100,100,0,0,0,0
100vs200,1300,40,40,PAN2,nvar,ge,1.19898,92,55,8,45,0.626,0.92,0.55,0.745,100,100,0,0,0,0
100vs200,1300,40,60,PAN1,nvar,ge,1.88261,95,27,5,73,0.779,0.95,0.27,0.856,100,100,0,0,0,0
100vs200,1300,40,60,PAN2,nvar,ge,1.37993,83,44,17,56,0.654,0.83,0.44,0.731,100,100,0,0,0,0
100vs200,1300,40,80,PAN1,nvar,ge,1.93735,94,24,6,76,0.797,0.94,0.24,0.862,100,100,0,0,0,0
100vs200,1300,40,80,PAN2,nvar,ge,0.85389,99,85,1,15,0.538,0.99,0.85,0.697,100,100,0,0,0,0
100vs200,1300,40,100,PAN1,nvar,ge,2.64265,81,8,19,92,0.91,0.81,0.08,0.857,100,100,0,0,0,0
100vs200,1300,40,100,PAN2,nvar,ge,0.95522,99,84,1,16,0.541,0.99,0.84,0.7,100,100,0,0,0,0
100vs200,1300,60,20,PAN1,nvar,ge,0.71027,99,95,1,5,0.51,0.99,0.95,0.673,100,100,0,0,0,0
100vs200,1300,60,20,PAN2,nvar,ge,1.72506,81,28,19,72,0.743,0.81,0.28,0.775,100,100,0,0,0,0
100vs200,1300,60,40,PAN1,nvar,ge,1.50968,84,56,16,44,0.6,0.84,0.56,0.7,100,100,0,0,0,0
100vs200,1300,60,40,PAN2,nvar,ge,1.91231,87,17,13,83,0.837,0.87,0.17,0.853,100,100,0,0,0,0
100vs200,1300,60,60,PAN1,nvar,ge,2.39891,93,15,7,85,0.861,0.93,0.15,0.894,100,100,0,0,0,0
100vs200,1300,60,60,PAN2,nvar,ge,1.86435,92,25,8,75,0.786,0.92,0.25,0.848,100,100,0,0,0,0
100vs200,1300,60,80,PAN1,nvar,ge,2.3069,88,19,12,81,0.822,0.88,0.19,0.85,100,100,0,0,0,0
100vs200,1300,60,80,PAN2,nvar,ge,1.80739,86,25,14,75,0.775,0.86,0.25,0.815,100,100,0,0,0,0
100vs200,1300,60,100,PAN1,nvar,ge,2.26875,87,19,13,81,0.821,0.87,0.19,0.845,100,100,0,0,0,0
100vs200,1300,60,100,PAN2,nvar,ge,1.79479,85,34,15,66,0.714,0.85,0.34,0.776,100,100,0,0,0,0
100vs200,1300,80,20,PAN1,nvar,ge,0.0,100,100,0,0,0.5,1.0,1.0,0.667,100,100,0,0,0,0
100vs200,1300,80,20,PAN2,nvar,ge,1.89481,88,22,12,78,0.8,0.88,0.22,0.838,100,100,0,0,0,0
100vs200,1300,80,40,PAN1,nvar,ge,1.38784,92,70,8,30,0.568,0.92,0.7,0.702,100,100,0,0,0,0
100vs200,1300,80,40,PAN2,nvar,ge,1.88743,94,17,6,83,0.847,0.94,0.17,0.891,100,100,0,0,0,0
100vs200,1300,80,60,PAN1,nvar,ge,1.85121,94,44,6,56,0.681,0.94,0.44,0.79,100,100,0,0,0,0
100vs200,1300,80,60,PAN2,nvar,ge,1.8998,92,25,8,75,0.786,0.92,0.25,0.848,100,100,0,0,0,0
100vs200,1300,80,80,PAN1,nvar,ge,1.94834,92,39,8,61,0.702,0.92,0.39,0.797,100,100,0,0,0,0
100vs200,1300,80,80,PAN2,nvar,ge,1.79072,90,26,10,74,0.776,0.9,0.26,0.833,100,100,0,0,0,0
100vs200,1300,80,100,PAN1,nvar,ge,2.44311,88,24,12,76,0.786,0.88,0.24,0.83,100,100,0,0,0,0
100vs200,1300,80,100,PAN2,nvar,ge,1.7957,88,34,12,66,0.721,0.88,0.34,0.793,100,100,0,0,0,0
100vs200,1300,100,20,PAN1,nvar,le,3.78018,99,94,1,6,0.513,0.99,0.94,0.676,100,100,0,0,0,0
100vs200,1300,100,20,PAN2,nvar,ge,1.75099,95,28,5,72,0.772,0.95,0.28,0.852,100,100,0,0,0,0
100vs200,1300,100,40,PAN1,nvar,ge,1.13659,95,85,5,15,0.528,0.95,0.85,0.679,100,100,0,0,0,0
100vs200,1300,100,40,PAN2,nvar,ge,1.96502,90,15,10,85,0.857,0.9,0.15,0.878,100,100,0,0,0,0
100vs200,1300,100,60,PAN1,nvar,ge,2.24493,82,30,18,70,0.732,0.82,0.3,0.774,100,100,0,0,0,0
100vs200,1300,100,60,PAN2,nvar,ge,1.86545,91,25,9,75,0.784,0.91,0.25,0.843,100,100,0,0,0,0
100vs200,1300,100,80,PAN1,nvar,ge,2.35864,79,25,21,75,0.76,0.79,0.25,0.775,100,100,0,0,0,0
100vs200,1300,100,80,PAN2,nvar,ge,1.97475,87,20,13,80,0.813,0.87,0.2,0.841,100,100,0,0,0,0
100vs200,1300,100,100,PAN1,nvar,ge,2.16317,87,33,13,67,0.725,0.87,0.33,0.791,100,100,0,0,0,0
100vs200,1300,100,100,PAN2,nvar,ge,2.04351,76,21,24,79,0.784,0.76,0.21,0.772,100,100,0,0,0,0
200vs200,1100,20,20,PAN1,nvar,ge,0.71598,100,95,0,5,0.513,1.0,0.95,0.678,100,100,0,0,0,0
200vs200,1100,20,20,PAN2,nvar,ge,0.82105,98,91,2,9,0.519,0.98,0.91,0.678,100,100,0,0,0,0
200vs200,1100,20,40,PAN1,nvar,ge,1.32236,87,64,13,36,0.576,0.87,0.64,0.693,100,100,0,0,0,0
200vs200,1100,20,40,PAN2,nvar,ge,0.61307,100,96,0,4,0.51,1.0,0.96,0.676,100,100,0,0,0,0
200vs200,1100,20,60,PAN1,nvar,ge,1.94515,89,31,11,69,0.742,0.89,0.31,0.809,100,100,0,0,0,0
200vs200,1100,20,60,PAN2,nvar,ge,0.59909,99,96,1,4,0.508,0.99,0.96,0.671,100,100,0,0,0,0
200vs200,1100,20,80,PAN1,nvar,ge,2.14541,94,26,6,74,0.783,0.94,0.26,0.855,100,100,0,0,0,0
200vs200,1100,20,80,PAN2,nvar,ge,0.86029,94,84,6,16,0.528,0.94,0.84,0.676,100,100,0,0,0,0
200vs200,1100,20,100,PAN1,nvar,ge,2.1288,95,26,5,74,0.785,0.95,0.26,0.86,100,100,0,0,0,0
200vs200,1100,20,100,PAN2,nvar,ge,0.8273,98,88,2,12,0.527,0.98,0.88,0.685,100,100,0,0,0,0
200vs200,1100,40,20,PAN1,nvar,ge,0.83526,93,84,7,16,0.525,0.93,0.84,0.671,100,100,0,0,0,0
200vs200,1100,40,20,PAN2,nvar,ge,1.38896,84,51,16,49,0.622,0.84,0.51,0.715,100,100,0,0,0,0
200vs200,1100,40,40,PAN1,nvar,ge,1.72781,77,19,23,81,0.802,0.77,0.19,0.786,100,100,0,0,0,0
200vs200,1100,40,40,PAN2,nvar,ge,1.44594,90,39,10,61,0.698,0.9,0.39,0.786,100,100,0,0,0,0
200vs200,1100,40,60,PAN1,nvar,ge,2.3678,88,6,12,94,0.936,0.88,0.06,0.907,100,100,0,0,0,0
200vs200,1100,40,60,PAN2,nvar,ge,1.39078,92,43,8,57,0.681,0.92,0.43,0.783,100,100,0,0,0,0
200vs200,1100,40,80,PAN1,nvar,ge,2.1669,96,6,4,94,0.941,0.96,0.06,0.95,100,100,0,0,0,0
200vs200,1100,40,80,PAN2,nvar,ge,1.68726,80,32,20,68,0.714,0.8,0.32,0.755,100,100,0,0,0,0
200vs200,1100,40,100,PAN1,nvar,ge,2.14463,94,7,6,93,0.931,0.94,0.07,0.935,100,100,0,0,0,0
200vs200,1100,40,100,PAN2,nvar,ge,1.26865,95,63,5,37,0.601,0.95,0.63,0.736,100,100,0,0,0,0
200vs200,1100,60,20,PAN1,nvar,ge,0.94396,92,74,8,26,0.554,0.92,0.74,0.692,100,100,0,0,0,0
200vs200,1100,60,20,PAN2,nvar,ge,2.29945,84,13,16,87,0.866,0.84,0.13,0.853,100,100,0,0,0,0
200vs200,1100,60,40,PAN1,nvar,ge,1.5159,84,30,16,70,0.737,0.84,0.3,0.785,100,100,0,0,0,0
200vs200,1100,60,40,PAN2,nvar,ge,2.10826,99,13,1,87,0.884,0.99,0.13,0.934,100,100,0,0,0,0
200vs200,1100,60,60,PAN1,nvar,ge,2.13743,89,9,11,91,0.908,0.89,0.09,0.899,100,100,0,0,0,0
200vs200,1100,60,60,PAN2,nvar,ge,2.3449,93,13,7,87,0.877,0.93,0.13,0.903,100,100,0,0,0,0
200vs200,1100,60,80,PAN1,nvar,ge,2.14896,94,9,6,91,0.913,0.94,0.09,0.926,100,100,0,0,0,0
200vs200,1100,60,80,PAN2,nvar,ge,2.13346,94,15,6,85,0.862,0.94,0.15,0.9,100,100,0,0,0,0
200vs200,1100,60,100,PAN1,nvar,ge,2.1426,96,9,4,91,0.914,0.96,0.09,0.937,100,100,0,0,0,0
200vs200,1100,60,100,PAN2,nvar,ge,2.08293,86,19,14,81,0.819,0.86,0.19,0.839,100,100,0,0,0,0
200vs200,1100,80,20,PAN1,nvar,ge,0.84545,95,88,5,12,0.519,0.95,0.88,0.671,100,100,0,0,0,0
200vs200,1100,80,20,PAN2,nvar,ge,2.13825,95,18,5,82,0.841,0.95,0.18,0.892,100,100,0,0,0,0
200vs200,1100,80,40,PAN1,nvar,ge,1.41169,92,59,8,41,0.609,0.92,0.59,0.733,100,100,0,0,0,0
200vs200,1100,80,40,PAN2,nvar,ge,2.37636,93,9,7,91,0.912,0.93,0.09,0.921,100,100,0,0,0,0
200vs200,1100,80,60,PAN1,nvar,ge,2.60183,83,8,17,92,0.912,0.83,0.08,0.869,100,100,0,0,0,0
200vs200,1100,80,60,PAN2,nvar,ge,2.36461,91,13,9,87,0.875,0.91,0.13,0.892,100,100,0,0,0,0
200vs200,1100,80,80,PAN1,nvar,ge,1.77473,96,36,4,64,0.727,0.96,0.36,0.828,100,100,0,0,0,0
200vs200,1100,80,80,PAN2,nvar,ge,2.03599,94,18,6,82,0.839,0.94,0.18,0.887,100,100,0,0,0,0
200vs200,1100,80,100,PAN1,nvar,ge,2.25219,87,20,13,80,0.813,0.87,0.2,0.841,100,100,0,0,0,0
200vs200,1100,80,100,PAN2,nvar,ge,2.25662,86,17,14,83,0.835,0.86,0.17,0.847,100,100,0,0,0,0
200vs200,1100,100,20,PAN1,nvar,le,4.58319,100,99,0,1,0.503,1.0,0.99,0.669,100,100,0,0,0,0
200vs200,1100,100,20,PAN2,nvar,ge,2.29655,90,14,10,86,0.865,0.9,0.14,0.882,100,100,0,0,0,0
200vs200,1100,100,40,PAN1,nvar,ge,1.27257,92,56,8,44,0.622,0.92,0.56,0.742,100,100,0,0,0,0
200vs200,1100,100,40,PAN2,nvar,ge,2.05776,96,13,4,87,0.881,0.96,0.13,0.919,100,100,0,0,0,0
200vs200,1100,100,60,PAN1,nvar,ge,1.8382,94,25,6,75,0.79,0.94,0.25,0.858,100,100,0,0,0,0
200vs200,1100,100,60,PAN2,nvar,ge,2.18371,96,17,4,83,0.85,0.96,0.17,0.901,100,100,0,0,0,0
200vs200,1100,100,80,PAN1,nvar,ge,1.94629,89,20,11,80,0.817,0.89,0.2,0.852,100,100,0,0,0,0
200vs200,1100,100,80,PAN2,nvar,ge,2.17523,93,14,7,86,0.869,0.93,0.14,0.899,100,100,0,0,0,0
200vs200,1100,100,100,PAN1,nvar,ge,1.92901,86,20,14,80,0.811,0.86,0.2,0.835,100,100,0,0,0,0
200vs200,1100,100,100,PAN2,nvar,ge,1.99113,89,22,11,78,0.802,0.89,0.22,0.844,100,100,0,0,0,0
50vs100,1500,20,20,PAN1,nvar,le,2.49387,94,82,6,18,0.534,0.94,0.82,0.681,100,100,0,0,0,0
50vs100,1500,20,20,PAN2,nvar,le,6.08335,100,97,0,3,0.508,1.0,0.97,0.673,100,100,0,0,0,0
50vs100,1500,20,40,PAN1,nvar,ge,0.61072,100,97,0,3,0.508,1.0,0.97,0.673,100,100,0,0,0,0
50vs100,1500,20,40,PAN2,nvar,ge,0.56274,100,99,0,1,0.503,1.0,0.99,0.669,100,100,0,0,0,0
50vs100,1500,20,60,PAN1,nvar,ge,1.53292,84,39,16,61,0.683,0.84,0.39,0.753,100,100,0,0,0,0
50vs100,1500,20,60,PAN2,nvar,le,2.86053,96,89,4,11,0.519,0.96,0.89,0.674,100,100,0,0,0,0
50vs100,1500,20,80,PAN1,nvar,ge,1.57947,93,36,7,64,0.721,0.93,0.36,0.812,100,100,0,0,0,0
50vs100,1500,20,80,PAN2,nvar,ge,0.79685,100,97,0,3,0.508,1.0,0.97,0.673,100,100,0,0,0,0
50vs100,1500,20,100,PAN1,nvar,ge,1.52285,89,40,11,60,0.69,0.89,0.4,0.777,100,100,0,0,0,0
50vs100,1500,20,100,PAN2,nvar,ge,0.59451,100,97,0,3,0.508,1.0,0.97,0.673,100,100,0,0,0,0
50vs100,1500,40,20,PAN1,nvar,le,3.02712,98,94,2,6,0.51,0.98,0.94,0.671,100,100,0,0,0,0
50vs100,1500,40,20,PAN2,nvar,le,6.28275,100,97,0,3,0.508,1.0,0.97,0.673,100,100,0,0,0,0
50vs100,1500,40,40,PAN1,nvar,ge,1.67483,74,37,26,63,0.667,0.74,0.37,0.701,100,100,0,0,0,0
50vs100,1500,40,40,PAN2,nvar,ge,1.50303,81,44,19,56,0.648,0.81,0.44,0.72,100,100,0,0,0,0
50vs100,1500,40,60,PAN1,nvar,ge,2.15307,81,17,19,83,0.827,0.81,0.17,0.818,100,100,0,0,0,0
50vs100,1500,40,60,PAN2,nvar,ge,1.2232,93,76,7,24,0.55,0.93,0.76,0.691,100,100,0,0,0,0
50vs100,1500,40,80,PAN1,nvar,ge,1.95349,88,24,12,76,0.786,0.88,0.24,0.83,100,100,0,0,0,0
50vs100,1500,40,80,PAN2,nvar,ge,1.59433,80,54,20,46,0.597,0.8,0.54,0.684,100,100,0,0,0,0
50vs100,1500,40,100,PAN1,nvar,ge,2.22663,86,15,14,85,0.851,0.86,0.15,0.856,100,100,0,0,0,0
50vs100,1500,40,100,PAN2,nvar,ge,1.34085,89,67,11,33,0.571,0.89,0.67,0.695,100,100,0,0,0,0
50vs100,1500,60,20,PAN1,nvar,le,3.19259,98,94,2,6,0.51,0.98,0.94,0.671,100,100,0,0,0,0
50vs100,1500,60,20,PAN2,nvar,ge,1.82845,82,35,18,65,0.701,0.82,0.35,0.756,100,100,0,0,0,0
50vs100,1500,60,40,PAN1,nvar,ge,1.51284,88,60,12,40,0.595,0.88,0.6,0.71,100,100,0,0,0,0
50vs100,1500,60,40,PAN2,nvar,ge,1.861,84,25,16,75,0.771,0.84,0.25,0.804,100,100,0,0,0,0
50vs100,1500,60,60,PAN1,nvar,ge,2.23116,84,25,16,75,0.771,0.84,0.25,0.804,100,100,0,0,0,0
50vs100,1500,60,60,PAN2,nvar,ge,2.07435,85,27,15,73,0.759,0.85,0.27,0.802,100,100,0,0,0,0
50vs100,1500,60,80,PAN1,nvar,ge,2.40358,85,19,15,81,0.817,0.85,0.19,0.833,100,100,0,0,0,0
50vs100,1500,60,80,PAN2,nvar,ge,1.92474,83,34,17,66,0.709,0.83,0.34,0.765,100,100,0,0,0,0
50vs100,1500,60,100,PAN1,nvar,ge,2.30468,86,21,14,79,0.804,0.86,0.21,0.831,100,100,0,0,0,0
50vs100,1500,60,100,PAN2,nvar,ge,1.80708,93,45,7,55,0.674,0.93,0.45,0.782,100,100,0,0,0,0
50vs100,1500,80,20,PAN1,nvar,ge,0.89789,99,93,1,7,0.516,0.99,0.93,0.678,100,100,0,0,0,0
50vs100,1500,80,20,PAN2,nvar,ge,1.9973,82,29,18,71,0.739,0.82,0.29,0.777,100,100,0,0,0,0
50vs100,1500,80,40,PAN1,nvar,ge,1.17555,95,85,5,15,0.528,0.95,0.85,0.679,100,100,0,0,0,0
50vs100,1500,80,40,PAN2,nvar,ge,1.90749,95,24,5,76,0.798,0.95,0.24,0.868,100,100,0,0,0,0
50vs100,1500,80,60,PAN1,nvar,ge,2.21152,83,38,17,62,0.686,0.83,0.38,0.751,100,100,0,0,0,0
50vs100,1500,80,60,PAN2,nvar,ge,2.03068,86,28,14,72,0.754,0.86,0.28,0.804,100,100,0,0,0,0
50vs100,1500,80,80,PAN1,nvar,ge,2.68339,77,20,23,80,0.794,0.77,0.2,0.782,100,100,0,0,0,0
50vs100,1500,80,80,PAN2,nvar,ge,2.39257,82,15,18,85,0.845,0.82,0.15,0.832,100,100,0,0,0,0
50vs100,1500,80,100,PAN1,nvar,ge,2.07791,90,43,10,57,0.677,0.9,0.43,0.773,100,100,0,0,0,0
50vs100,1500,80,100,PAN2,nvar,ge,1.77795,95,46,5,54,0.674,0.95,0.46,0.788,100,100,0,0,0,0
50vs100,1500,100,20,PAN1,nvar,ge,0.84873,98,94,2,6,0.51,0.98,0.94,0.671,100,100,0,0,0,0
50vs100,1500,100,20,PAN2,nvar,ge,1.76097,92,39,8,61,0.702,0.92,0.39,0.797,100,100,0,0,0,0
50vs100,1500,100,40,PAN1,nvar,ge,1.31648,93,75,7,25,0.554,0.93,0.75,0.694,100,100,0,0,0,0
50vs100,1500,100,40,PAN2,nvar,ge,2.25011,91,14,9,86,0.867,0.91,0.14,0.888,100,100,0,0,0,0
50vs100,1500,100,60,PAN1,nvar,ge,1.7973,91,52,9,48,0.636,0.91,0.52,0.749,100,100,0,0,0,0
50vs100,1500,100,60,PAN2,nvar,ge,2.03553,90,28,10,72,0.763,0.9,0.28,0.826,100,100,0,0,0,0
50vs100,1500,100,80,PAN1,nvar,ge,1.69278,96,59,4,41,0.619,0.96,0.59,0.753,100,100,0,0,0,0
50vs100,1500,100,80,PAN2,nvar,ge,1.78487,92,39,8,61,0.702,0.92,0.39,0.797,100,100,0,0,0,0
50vs100,1500,100,100,PAN1,nvar,ge,1.6896,90,59,10,41,0.604,0.9,0.59,0.723,100,100,0,0,0,0
50vs100,1500,100,100,PAN2,nvar,ge,1.9564,89,40,11,60,0.69,0.89,0.4,0.777,100,100,0,0,0,0
50vs200,1500,20,20,PAN1,nvar,ge,0.63016,100,97,0,3,0.508,1.0,0.97,0.673,100,100,0,0,0,0
50vs200,1500,20,20,PAN2,nvar,ge,0.83944,97,91,3,9,0.516,0.97,0.91,0.674,100,100,0,0,0,0
50vs200,1500,20,40,PAN1,nvar,ge,0.87297,99,93,1,7,0.516,0.99,0.93,0.678,100,100,0,0,0,0
50vs200,1500,20,40,PAN2,nvar,ge,0.60404,99,96,1,4,0.508,0.99,0.96,0.671,100,100,0,0,0,0
50vs200,1500,20,60,PAN1,nvar,ge,1.52318,79,40,21,60,0.664,0.79,0.4,0.721,100,100,0,0,0,0
50vs200,1500,20,60,PAN2,nvar,ge,0.61732,100,96,0,4,0.51,1.0,0.96,0.676,100,100,0,0,0,0
50vs200,1500,20,80,PAN1,nvar,ge,1.58059,86,36,14,64,0.705,0.86,0.36,0.775,100,100,0,0,0,0
50vs200,1500,20,80,PAN2,nvar,ge,0.75657,96,90,4,10,0.516,0.96,0.9,0.671,100,100,0,0,0,0
50vs200,1500,20,100,PAN1,nvar,ge,1.57852,92,36,8,64,0.719,0.92,0.36,0.807,100,100,0,0,0,0
50vs200,1500,20,100,PAN2,nvar,le,3.89012,99,96,1,4,0.508,0.99,0.96,0.671,100,100,0,0,0,0
50vs200,1500,40,20,PAN1,nvar,ge,0.0,100,100,0,0,0.5,1.0,1.0,0.667,100,100,0,0,0,0
50vs200,1500,40,20,PAN2,nvar,ge,0.6042,100,98,0,2,0.505,1.0,0.98,0.671,100,100,0,0,0,0
50vs200,1500,40,40,PAN1,nvar,ge,1.47502,81,52,19,48,0.609,0.81,0.52,0.695,100,100,0,0,0,0
50vs200,1500,40,40,PAN2,nvar,ge,1.07376,88,67,12,33,0.568,0.88,0.67,0.69,100,100,0,0,0,0
50vs200,1500,40,60,PAN1,nvar,ge,2.09931,76,18,24,82,0.809,0.76,0.18,0.784,100,100,0,0,0,0
50vs200,1500,40,60,PAN2,nvar,ge,1.16407,89,64,11,36,0.582,0.89,0.64,0.704,100,100,0,0,0,0
50vs200,1500,40,80,PAN1,nvar,ge,2.11913,85,18,15,82,0.825,0.85,0.18,0.837,100,100,0,0,0,0
50vs200,1500,40,80,PAN2,nvar,ge,0.86211,96,84,4,16,0.533,0.96,0.84,0.686,100,100,0,0,0,0
50vs200,1500,40,100,PAN1,nvar,ge,2.0505,88,19,12,81,0.822,0.88,0.19,0.85,100,100,0,0,0,0
50vs200,1500,40,100,PAN2,nvar,le,4.06385,100,97,0,3,0.508,1.0,0.97,0.673,100,100,0,0,0,0
50vs200,1500,60,20,PAN1,nvar,le,8.80628,100,98,0,2,0.505,1.0,0.98,0.671,100,100,0,0,0,0
50vs200,1500,60,20,PAN2,nvar,ge,1.38761,90,52,10,48,0.634,0.9,0.52,0.744,100,100,0,0,0,0
50vs200,1500,60,40,PAN1,nvar,ge,1.50299,89,60,11,40,0.597,0.89,0.6,0.715,100,100,0,0,0,0
50vs200,1500,60,40,PAN2,nvar,ge,1.38022,92,45,8,55,0.672,0.92,0.45,0.776,100,100,0,0,0,0
50vs200,1500,60,60,PAN1,nvar,ge,1.78893,93,39,7,61,0.705,0.93,0.39,0.802,100,100,0,0,0,0
50vs200,1500,60,60,PAN2,nvar,ge,1.38804,92,43,8,57,0.681,0.92,0.43,0.783,100,100,0,0,0,0
50vs200,1500,60,80,PAN1,nvar,ge,1.9871,97,32,3,68,0.752,0.97,0.32,0.847,100,100,0,0,0,0
50vs200,1500,60,80,PAN2,nvar,ge,1.61016,85,36,15,64,0.702,0.85,0.36,0.769,100,100,0,0,0,0
50vs200,1500,60,100,PAN1,nvar,ge,1.97068,92,33,8,67,0.736,0.92,0.33,0.818,100,100,0,0,0,0
50vs200,1500,60,100,PAN2,nvar,ge,1.28398,90,63,10,37,0.588,0.9,0.63,0.711,100,100,0,0,0,0
50vs200,1500,80,20,PAN1,nvar,ge,0.88841,99,93,1,7,0.516,0.99,0.93,0.678,100,100,0,0,0,0
50vs200,1500,80,20,PAN2,nvar,ge,1.71022,88,28,12,72,0.759,0.88,0.28,0.815,100,100,0,0,0,0
50vs200,1500,80,40,PAN1,nvar,ge,1.1659,95,85,5,15,0.528,0.95,0.85,0.679,100,100,0,0,0,0
50vs200,1500,80,40,PAN2,nvar,ge,1.95734,79,15,21,85,0.84,0.79,0.15,0.814,100,100,0,0,0,0
50vs200,1500,80,60,PAN1,nvar,ge,2.01327,81,45,19,55,0.643,0.81,0.45,0.717,100,100,0,0,0,0
50vs200,1500,80,60,PAN2,nvar,ge,2.0872,82,20,18,80,0.804,0.82,0.2,0.812,100,100,0,0,0,0
50vs200,1500,80,80,PAN1,nvar,ge,2.43053,75,30,25,70,0.714,0.75,0.3,0.732,100,100,0,0,0,0
50vs200,1500,80,80,PAN2,nvar,ge,1.58859,94,38,6,62,0.712,0.94,0.38,0.81,100,100,0,0,0,0
50vs200,1500,80,100,PAN1,nvar,ge,2.20025,82,38,18,62,0.683,0.82,0.38,0.745,100,100,0,0,0,0
50vs200,1500,80,100,PAN2,nvar,ge,1.69352,83,42,17,58,0.664,0.83,0.42,0.738,100,100,0,0,0,0
50vs200,1500,100,20,PAN1,nvar,le,4.34194,100,95,0,5,0.513,1.0,0.95,0.678,100,100,0,0,0,0
50vs200,1500,100,20,PAN2,nvar,ge,1.64205,89,33,11,67,0.73,0.89,0.33,0.802,100,100,0,0,0,0
50vs200,1500,100,40,PAN1,nvar,ge,1.39963,92,75,8,25,0.551,0.92,0.75,0.689,100,100,0,0,0,0
50vs200,1500,100,40,PAN2,nvar,ge,1.85778,87,19,13,81,0.821,0.87,0.19,0.845,100,100,0,0,0,0
50vs200,1500,100,60,PAN1,nvar,ge,1.76228,87,53,13,47,0.621,0.87,0.53,0.725,100,100,0,0,0,0
50vs200,1500,100,60,PAN2,nvar,ge,1.67876,89,32,11,68,0.736,0.89,0.32,0.805,100,100,0,0,0,0
50vs200,1500,100,80,PAN1,nvar,ge,2.33828,81,32,19,68,0.717,0.81,0.32,0.761,100,100,0,0,0,0
50vs200,1500,100,80,PAN2,nvar,ge,1.73976,86,27,14,73,0.761,0.86,0.27,0.808,100,100,0,0,0,0
50vs200,1500,100,100,PAN1,nvar,ge,2.01648,86,46,14,54,0.652,0.86,0.46,0.741,100,100,0,0,0,0
50vs200,1500,100,100,PAN2,nvar,ge,1.32616,94,62,6,38,0.603,0.94,0.62,0.734,100,100,0,0,0,0
50vs50,1500,20,20,PAN1,nvar,le,1.88514,88,69,12,31,0.561,0.88,0.69,0.685,100,100,0,0,0,0
50vs50,1500,20,20,PAN2,nvar,ge,0.78911,98,93,2,7,0.513,0.98,0.93,0.674,100,100,0,0,0,0
50vs50,1500,20,40,PAN1,nvar,ge,1.21156,88,72,12,28,0.55,0.88,0.72,0.677,100,100,0,0,0,0
50vs50,1500,20,40,PAN2,nvar,ge,0.89634,96,89,4,11,0.519,0.96,0.89,0.674,100,100,0,0,0,0
50vs50,1500,20,60,PAN1,nvar,ge,1.53692,84,38,16,62,0.689,0.84,0.38,0.757,100,100,0,0,0,0
50vs50,1500,20,60,PAN2,nvar,le,5.04231,99,98,1,2,0.503,0.99,0.98,0.667,100,100,0,0,0,0
50vs50,1500,20,80,PAN1,nvar,ge,1.56992,96,36,4,64,0.727,0.96,0.36,0.828,100,100,0,0,0,0
50vs50,1500,20,80,PAN2,nvar,ge,0.0,100,100,0,0,0.5,1.0,1.0,0.667,100,100,0,0,0,0
50vs50,1500,20,100,PAN1,nvar,ge,1.57496,91,36,9,64,0.717,0.91,0.36,0.802,100,100,0,0,0,0
50vs50,1500,20,100,PAN2,nvar,ge,0.76898,100,98,0,2,0.505,1.0,0.98,0.671,100,100,0,0,0,0
50vs50,1500,40,20,PAN1,nvar,le,5.08127,100,98,0,2,0.505,1.0,0.98,0.671,100,100,0,0,0,0
50vs50,1500,40,20,PAN2,nvar,ge,1.01356,90,78,10,22,0.536,0.9,0.78,0.672,100,100,0,0,0,0
50vs50,1500,40,40,PAN1,nvar,ge,1.66086,77,37,23,63,0.675,0.77,0.37,0.72,100,100,0,0,0,0
50vs50,1500,40,40,PAN2,nvar,ge,1.41324,87,61,13,39,0.588,0.87,0.61,0.702,100,100,0,0,0,0
50vs50,1500,40,60,PAN1,nvar,ge,2.09654,79,18,21,82,0.814,0.79,0.18,0.802,100,100,0,0,0,0
50vs50,1500,40,60,PAN2,nvar,ge,1.16639,96,77,4,23,0.555,0.96,0.77,0.703,100,100,0,0,0,0
50vs50,1500,40,80,PAN1,nvar,ge,2.10735,88,18,12,82,0.83,0.88,0.18,0.854,100,100,0,0,0,0
50vs50,1500,40,80,PAN2,nvar,ge,1.78227,83,49,17,51,0.629,0.83,0.49,0.716,100,100,0,0,0,0
50vs50,1500,40,100,PAN1,nvar,ge,1.9969,92,22,8,78,0.807,0.92,0.22,0.86,100,100,0,0,0,0
50vs50,1500,40,100,PAN2,nvar,ge,1.12275,96,85,4,15,0.53,0.96,0.85,0.683,100,100,0,0,0,0
50vs50,1500,60,20,PAN1,nvar,le,4.92644,99,96,1,4,0.508,0.99,0.96,0.671,100,100,0,0,0,0
50vs50,1500,60,20,PAN2,nvar,ge,1.58865,88,45,12,55,0.662,0.88,0.45,0.755,100,100,0,0,0,0
50vs50,1500,60,40,PAN1,nvar,ge,1.5839,93,54,7,46,0.633,0.93,0.54,0.753,100,100,0,0,0,0
50vs50,1500,60,40,PAN2,nvar,ge,1.96332,86,22,14,78,0.796,0.86,0.22,0.827,100,100,0,0,0,0
50vs50,1500,60,60,PAN1,nvar,ge,2.02162,92,31,8,69,0.748,0.92,0.31,0.825,100,100,0,0,0,0
50vs50,1500,60,60,PAN2,nvar,ge,2.02027,86,30,14,70,0.741,0.86,0.3,0.796,100,100,0,0,0,0
50vs50,1500,60,80,PAN1,nvar,ge,2.09825,92,28,8,72,0.767,0.92,0.28,0.836,100,100,0,0,0,0
50vs50,1500,60,80,PAN2,nvar,ge,2.02492,90,35,10,65,0.72,0.9,0.35,0.8,100,100,0,0,0,0
50vs50,1500,60,100,PAN1,nvar,ge,2.54437,85,15,15,85,0.85,0.85,0.15,0.85,100,100,0,0,0,0
50vs50,1500,60,100,PAN2,nvar,ge,2.25887,80,37,20,63,0.684,0.8,0.37,0.737,100,100,0,0,0,0
50vs50,1500,80,20,PAN1,nvar,le,3.14142,94,84,6,16,0.528,0.94,0.84,0.676,100,100,0,0,0,0
50vs50,1500,80,20,PAN2,nvar,ge,2.06336,80,20,20,80,0.8,0.8,0.2,0.8,100,100,0,0,0,0
50vs50,1500,80,40,PAN1,nvar,le,4.4094,99,95,1,5,0.51,0.99,0.95,0.673,100,100,0,0,0,0
50vs50,1500,80,40,PAN2,nvar,ge,1.93207,93,23,7,77,0.802,0.93,0.23,0.861,100,100,0,0,0,0
50vs50,1500,80,60,PAN1,nvar,ge,1.67245,92,60,8,40,0.605,0.92,0.6,0.73,100,100,0,0,0,0
50vs50,1500,80,60,PAN2,nvar,ge,2.46278,84,13,16,87,0.866,0.84,0.13,0.853,100,100,0,0,0,0
50vs50,1500,80,80,PAN1,nvar,ge,1.93369,88,49,12,51,0.642,0.88,0.49,0.743,100,100,0,0,0,0
50vs50,1500,80,80,PAN2,nvar,ge,2.57966,88,16,12,84,0.846,0.88,0.16,0.863,100,100,0,0,0,0
50vs50,1500,80,100,PAN1,nvar,ge,2.01228,92,45,8,55,0.672,0.92,0.45,0.776,100,100,0,0,0,0
50vs50,1500,80,100,PAN2,nvar,ge,2.55012,76,24,24,76,0.76,0.76,0.24,0.76,100,100,0,0,0,0
50vs50,1500,100,20,PAN1,nvar,le,7.64824,100,99,0,1,0.503,1.0,0.99,0.669,100,100,0,0,0,0
50vs50,1500,100,20,PAN2,nvar,ge,1.89946,85,27,15,73,0.759,0.85,0.27,0.802,100,100,0,0,0,0
50vs50,1500,100,40,PAN1,nvar,ge,1.32014,94,75,6,25,0.556,0.94,0.75,0.699,100,100,0,0,0,0
50vs50,1500,100,40,PAN2,nvar,ge,2.31893,90,15,10,85,0.857,0.9,0.15,0.878,100,100,0,0,0,0
50vs50,1500,100,60,PAN1,nvar,ge,1.85696,95,50,5,50,0.655,0.95,0.5,0.776,100,100,0,0,0,0
50vs50,1500,100,60,PAN2,nvar,ge,2.42863,84,13,16,87,0.866,0.84,0.13,0.853,100,100,0,0,0,0
50vs50,1500,100,80,PAN1,nvar,ge,2.39363,85,30,15,70,0.739,0.85,0.3,0.791,100,100,0,0,0,0
50vs50,1500,100,80,PAN2,nvar,ge,2.09965,89,32,11,68,0.736,0.89,0.32,0.805,100,100,0,0,0,0
50vs50,1500,100,100,PAN1,nvar,ge,2.35461,83,31,17,69,0.728,0.83,0.31,0.776,100,100,0,0,0,0
50vs50,1500,100,100,PAN2,nvar,ge,2.70793,77,19,23,81,0.802,0.77,0.19,0.786,100,100,0,0,0,0
