bandwidth,distance,pan1_offload,pan2_offload,pan,best_threshold,TP,FP,FN,TN,precision,recall,fpr,f1,auc,n_interf_seeds,n_no_interf_seeds,n_degenerate_interf,n_degenerate_no_interf
100vs100,1300,20,20,PAN1,0.05,88,62,12,38,0.587,0.88,0.62,0.704,0.6458,100,100,0,0
100vs100,1300,20,20,PAN2,0.033,99,97,1,3,0.505,0.99,0.97,0.669,0.5926,100,100,0,0
100vs100,1300,20,40,PAN1,0.062,90,42,10,58,0.682,0.9,0.42,0.776,0.8109,100,100,0,0
100vs100,1300,20,40,PAN2,0.022,99,97,1,3,0.505,0.99,0.97,0.669,0.5967,100,100,0,0
100vs100,1300,20,60,PAN1,0.099,81,7,19,93,0.92,0.81,0.07,0.862,0.9322,100,100,0,0
100vs100,1300,20,60,PAN2,0.012,100,99,0,1,0.503,1.0,0.99,0.669,0.5397,100,100,0,0
100vs100,1300,20,80,PAN1,0.099,87,7,13,93,0.926,0.87,0.07,0.897,0.9557,100,100,0,0
100vs100,1300,20,80,PAN2,0.019,97,94,3,6,0.508,0.97,0.94,0.667,0.6021,100,100,0,0
100vs100,1300,20,100,PAN1,0.095,88,11,12,89,0.889,0.88,0.11,0.884,0.9452,100,100,0,0
100vs100,1300,20,100,PAN2,0.022,97,87,3,13,0.527,0.97,0.87,0.683,0.5781,100,100,0,0
100vs100,1300,40,20,PAN1,0.027,97,91,3,9,0.516,0.97,0.91,0.674,0.561,100,100,0,0
100vs100,1300,40,20,PAN2,0.074,83,33,17,67,0.716,0.83,0.33,0.769,0.8054,100,100,0,0
100vs100,1300,40,40,PAN1,0.053,80,38,20,62,0.678,0.8,0.38,0.734,0.7932,100,100,0,0
100vs100,1300,40,40,PAN2,0.055,80,29,20,71,0.734,0.8,0.29,0.766,0.8316,100,100,0,0
100vs100,1300,40,60,PAN1,0.062,88,15,12,85,0.854,0.88,0.15,0.867,0.9268,100,100,0,0
100vs100,1300,40,60,PAN2,0.045,84,39,16,61,0.683,0.84,0.39,0.753,0.7753,100,100,0,0
100vs100,1300,40,80,PAN1,0.062,92,15,8,85,0.86,0.92,0.15,0.889,0.9523,100,100,0,0
100vs100,1300,40,80,PAN2,0.04,85,53,15,47,0.616,0.85,0.53,0.714,0.7571,100,100,0,0
100vs100,1300,40,100,PAN1,0.074,93,8,7,92,0.921,0.93,0.08,0.925,0.9554,100,100,0,0
100vs100,1300,40,100,PAN2,0.046,81,44,19,56,0.648,0.81,0.44,0.72,0.7114,100,100,0,0
100vs100,1300,60,20,PAN1,0.024,96,89,4,11,0.519,0.96,0.89,0.674,0.5916,100,100,0,0
100vs100,1300,60,20,PAN2,0.09,87,13,13,87,0.87,0.87,0.13,0.87,0.9185,100,100,0,0
100vs100,1300,60,40,PAN1,0.046,85,37,15,63,0.697,0.85,0.37,0.766,0.8039,100,100,0,0
100vs100,1300,60,40,PAN2,0.072,91,8,9,92,0.919,0.91,0.08,0.915,0.9729,100,100,0,0
100vs100,1300,60,60,PAN1,0.056,92,20,8,80,0.821,0.92,0.2,0.868,0.9312,100,100,0,0
100vs100,1300,60,60,PAN2,0.059,91,18,9,82,0.835,0.91,0.18,0.871,0.9342,100,100,0,0
100vs100,1300,60,80,PAN1,0.069,85,9,15,91,0.904,0.85,0.09,0.876,0.9309,100,100,0,0
100vs100,1300,60,80,PAN2,0.063,87,10,13,90,0.897,0.87,0.1,0.883,0.9354,100,100,0,0
100vs100,1300,60,100,PAN1,0.048,94,31,6,69,0.752,0.94,0.31,0.836,0.9154,100,100,0,0
100vs100,1300,60,100,PAN2,0.054,85,33,15,67,0.72,0.85,0.33,0.78,0.8471,100,100,0,0
100vs100,1300,80,20,PAN1,0.0,100,100,0,0,0.5,1.0,1.0,0.667,0.556,100,100,0,0
100vs100,1300,80,20,PAN2,0.089,90,14,10,86,0.865,0.9,0.14,0.882,0.9422,100,100,0,0
100vs100,1300,80,40,PAN1,0.04,82,57,18,43,0.59,0.82,0.57,0.686,0.6704,100,100,0,0
100vs100,1300,80,40,PAN2,0.079,92,4,8,96,0.958,0.92,0.04,0.939,0.987,100,100,0,0
100vs100,1300,80,60,PAN1,0.045,93,43,7,57,0.684,0.93,0.43,0.788,0.8544,100,100,0,0
100vs100,1300,80,60,PAN2,0.054,91,22,9,78,0.805,0.91,0.22,0.854,0.9308,100,100,0,0
100vs100,1300,80,80,PAN1,0.057,88,29,12,71,0.752,0.88,0.29,0.811,0.8806,100,100,0,0
100vs100,1300,80,80,PAN2,0.064,81,8,19,92,0.91,0.81,0.08,0.857,0.9166,100,100,0,0
100vs100,1300,80,100,PAN1,0.05,85,36,15,64,0.702,0.85,0.36,0.769,0.8404,100,100,0,0
100vs100,1300,80,100,PAN2,0.051,87,36,13,64,0.707,0.87,0.36,0.78,0.8326,100,100,0,0
100vs100,1300,100,20,PAN1,0.017,100,98,0,2,0.505,1.0,0.98,0.671,0.5292,100,100,0,0
100vs100,1300,100,20,PAN2,0.1,92,9,8,91,0.911,0.92,0.09,0.915,0.9551,100,100,0,0
100vs100,1300,100,40,PAN1,0.027,99,89,1,11,0.527,0.99,0.89,0.688,0.6453,100,100,0,0
100vs100,1300,100,40,PAN2,0.068,93,10,7,90,0.903,0.93,0.1,0.916,0.9709,100,100,0,0
100vs100,1300,100,60,PAN1,0.05,90,41,10,59,0.687,0.9,0.41,0.779,0.8446,100,100,0,0
100vs100,1300,100,60,PAN2,0.054,93,22,7,78,0.809,0.93,0.22,0.865,0.9237,100,100,0,0
100vs100,1300,100,80,PAN1,0.056,81,30,19,70,0.73,0.81,0.3,0.768,0.818,100,100,0,0
100vs100,1300,100,80,PAN2,0.064,86,8,14,92,0.915,0.86,0.08,0.887,0.9315,100,100,0,0
100vs100,1300,100,100,PAN1,0.043,88,51,12,49,0.633,0.88,0.51,0.736,0.7956,100,100,0,0
100vs100,1300,100,100,PAN2,0.059,85,27,15,73,0.759,0.85,0.27,0.802,0.8569,100,100,0,0
100vs200,1300,20,20,PAN1,0.034,98,92,2,8,0.516,0.98,0.92,0.676,0.5657,100,100,0,0
100vs200,1300,20,20,PAN2,0.023,100,95,0,5,0.513,1.0,0.95,0.678,0.585,100,100,0,0
100vs200,1300,20,40,PAN1,0.052,91,57,9,43,0.615,0.91,0.57,0.734,0.7524,100,100,0,0
100vs200,1300,20,40,PAN2,0.017,97,92,3,8,0.513,0.97,0.92,0.671,0.5417,100,100,0,0
100vs200,1300,20,60,PAN1,0.076,92,27,8,73,0.773,0.92,0.27,0.84,0.9081,100,100,0,0
100vs200,1300,20,60,PAN2,0.012,100,96,0,4,0.51,1.0,0.96,0.676,0.5148,100,100,0,0
100vs200,1300,20,80,PAN1,0.096,83,10,17,90,0.892,0.83,0.1,0.86,0.9318,100,100,0,0
100vs200,1300,20,80,PAN2,0.011,99,96,1,4,0.508,0.99,0.96,0.671,0.5663,100,100,0,0
100vs200,1300,20,100,PAN1,0.083,93,21,7,79,0.816,0.93,0.21,0.869,0.9373,100,100,0,0
100vs200,1300,20,100,PAN2,0.0,100,100,0,0,0.5,1.0,1.0,0.667,0.4775,100,100,0,0
100vs200,1300,40,20,PAN1,0.015,99,97,1,3,0.505,0.99,0.97,0.669,0.5232,100,100,0,0
100vs200,1300,40,20,PAN2,0.038,88,62,12,38,0.587,0.88,0.62,0.704,0.7192,100,100,0,0
100vs200,1300,40,40,PAN1,0.042,90,60,10,40,0.6,0.9,0.6,0.72,0.7445,100,100,0,0
100vs200,1300,40,40,PAN2,0.03,90,47,10,53,0.657,0.9,0.47,0.759,0.7561,100,100,0,0
100vs200,1300,40,60,PAN1,0.062,89,15,11,85,0.856,0.89,0.15,0.873,0.9212,100,100,0,0
100vs200,1300,40,60,PAN2,0.029,79,43,21,57,0.648,0.79,0.43,0.712,0.7123,100,100,0,0
100vs200,1300,40,80,PAN1,0.062,91,15,9,85,0.858,0.91,0.15,0.883,0.9391,100,100,0,0
100vs200,1300,40,80,PAN2,0.02,96,74,4,26,0.565,0.96,0.74,0.711,0.6822,100,100,0,0
100vs200,1300,40,100,PAN1,0.07,85,11,15,89,0.885,0.85,0.11,0.867,0.9304,100,100,0,0
100vs200,1300,40,100,PAN2,0.02,97,82,3,18,0.542,0.97,0.82,0.695,0.6541,100,100,0,0
100vs200,1300,60,20,PAN1,0.017,99,97,1,3,0.505,0.99,0.97,0.669,0.5456,100,100,0,0
100vs200,1300,60,20,PAN2,0.052,88,31,12,69,0.739,0.88,0.31,0.804,0.871,100,100,0,0
100vs200,1300,60,40,PAN1,0.03,93,75,7,25,0.554,0.93,0.75,0.694,0.7041,100,100,0,0
100vs200,1300,60,40,PAN2,0.043,88,20,12,80,0.815,0.88,0.2,0.846,0.9257,100,100,0,0
100vs200,1300,60,60,PAN1,0.055,92,22,8,78,0.807,0.92,0.22,0.86,0.9296,100,100,0,0
100vs200,1300,60,60,PAN2,0.035,94,29,6,71,0.764,0.94,0.29,0.843,0.9131,100,100,0,0
100vs200,1300,60,80,PAN1,0.055,90,22,10,78,0.804,0.9,0.22,0.849,0.9072,100,100,0,0
100vs200,1300,60,80,PAN2,0.034,88,29,12,71,0.752,0.88,0.29,0.811,0.8757,100,100,0,0
100vs200,1300,60,100,PAN1,0.048,90,31,10,69,0.744,0.9,0.31,0.814,0.8994,100,100,0,0
100vs200,1300,60,100,PAN2,0.039,76,24,24,76,0.76,0.76,0.24,0.76,0.8088,100,100,0,0
100vs200,1300,80,20,PAN1,0.017,99,98,1,2,0.503,0.99,0.98,0.667,0.537,100,100,0,0
100vs200,1300,80,20,PAN2,0.062,87,12,13,88,0.879,0.87,0.12,0.874,0.9401,100,100,0,0
100vs200,1300,80,40,PAN1,0.028,96,85,4,15,0.53,0.96,0.85,0.683,0.6549,100,100,0,0
100vs200,1300,80,40,PAN2,0.054,87,5,13,95,0.946,0.87,0.05,0.906,0.969,100,100,0,0
100vs200,1300,80,60,PAN1,0.05,86,36,14,64,0.705,0.86,0.36,0.775,0.8237,100,100,0,0
100vs200,1300,80,60,PAN2,0.035,97,29,3,71,0.77,0.97,0.29,0.858,0.9268,100,100,0,0
100vs200,1300,80,80,PAN1,0.047,89,40,11,60,0.69,0.89,0.4,0.777,0.8325,100,100,0,0
100vs200,1300,80,80,PAN2,0.035,91,25,9,75,0.784,0.91,0.25,0.843,0.8915,100,100,0,0
100vs200,1300,80,100,PAN1,0.047,96,40,4,60,0.706,0.96,0.4,0.814,0.8746,100,100,0,0
100vs200,1300,80,100,PAN2,0.039,83,24,17,76,0.776,0.83,0.24,0.802,0.8442,100,100,0,0
100vs200,1300,100,20,PAN1,0.011,100,99,0,1,0.503,1.0,0.99,0.669,0.4705,100,100,0,0
100vs200,1300,100,20,PAN2,0.058,94,16,6,84,0.855,0.94,0.16,0.895,0.9453,100,100,0,0
100vs200,1300,100,40,PAN1,0.029,96,85,4,15,0.53,0.96,0.85,0.683,0.6119,100,100,0,0
100vs200,1300,100,40,PAN2,0.05,85,10,15,90,0.895,0.85,0.1,0.872,0.9459,100,100,0,0
100vs200,1300,100,60,PAN1,0.046,87,47,13,53,0.649,0.87,0.47,0.744,0.7905,100,100,0,0
100vs200,1300,100,60,PAN2,0.041,88,21,12,79,0.807,0.88,0.21,0.842,0.9153,100,100,0,0
100vs200,1300,100,80,PAN1,0.044,87,50,13,50,0.635,0.87,0.5,0.734,0.7837,100,100,0,0
100vs200,1300,100,80,PAN2,0.034,90,29,10,71,0.756,0.9,0.29,0.822,0.8802,100,100,0,0
100vs200,1300,100,100,PAN1,0.042,95,54,5,46,0.638,0.95,0.54,0.763,0.8135,100,100,0,0
100vs200,1300,100,100,PAN2,0.037,79,28,21,72,0.738,0.79,0.28,0.763,0.8111,100,100,0,0
200vs200,1100,20,20,PAN1,0.032,94,80,6,20,0.54,0.94,0.8,0.686,0.6253,100,100,0,0
200vs200,1100,20,20,PAN2,0.024,100,93,0,7,0.518,1.0,0.93,0.683,0.6092,100,100,0,0
200vs200,1100,20,40,PAN1,0.05,83,43,17,57,0.659,0.83,0.43,0.735,0.7946,100,100,0,0
200vs200,1100,20,40,PAN2,0.021,94,82,6,18,0.534,0.94,0.82,0.681,0.5831,100,100,0,0
200vs200,1100,20,60,PAN1,0.069,86,7,14,93,0.925,0.86,0.07,0.891,0.9486,100,100,0,0
200vs200,1100,20,60,PAN2,0.012,99,96,1,4,0.508,0.99,0.96,0.671,0.5848,100,100,0,0
200vs200,1100,20,80,PAN1,0.07,94,6,6,94,0.94,0.94,0.06,0.94,0.9716,100,100,0,0
200vs200,1100,20,80,PAN2,0.019,91,78,9,22,0.538,0.91,0.78,0.677,0.5819,100,100,0,0
200vs200,1100,20,100,PAN1,0.07,95,6,5,94,0.941,0.95,0.06,0.945,0.9802,100,100,0,0
200vs200,1100,20,100,PAN2,0.016,99,89,1,11,0.527,0.99,0.89,0.688,0.549,100,100,0,0
200vs200,1100,40,20,PAN1,0.019,93,85,7,15,0.522,0.93,0.85,0.669,0.6426,100,100,0,0
200vs200,1100,40,20,PAN2,0.048,86,40,14,60,0.683,0.86,0.4,0.761,0.8001,100,100,0,0
200vs200,1100,40,40,PAN1,0.041,76,14,24,86,0.844,0.76,0.14,0.8,0.8676,100,100,0,0
200vs200,1100,40,40,PAN2,0.037,86,30,14,70,0.741,0.86,0.3,0.796,0.8577,100,100,0,0
200vs200,1100,40,60,PAN1,0.05,91,5,9,95,0.948,0.91,0.05,0.929,0.9831,100,100,0,0
200vs200,1100,40,60,PAN2,0.029,91,43,9,57,0.679,0.91,0.43,0.778,0.8159,100,100,0,0
200vs200,1100,40,80,PAN1,0.051,92,4,8,96,0.958,0.92,0.04,0.939,0.9862,100,100,0,0
200vs200,1100,40,80,PAN2,0.035,77,25,23,75,0.755,0.77,0.25,0.762,0.8058,100,100,0,0
200vs200,1100,40,100,PAN1,0.044,95,11,5,89,0.896,0.95,0.11,0.922,0.9782,100,100,0,0
200vs200,1100,40,100,PAN2,0.033,82,39,18,61,0.678,0.82,0.39,0.742,0.7693,100,100,0,0
200vs200,1100,60,20,PAN1,0.019,90,74,10,26,0.549,0.9,0.74,0.682,0.6268,100,100,0,0
200vs200,1100,60,20,PAN2,0.076,83,2,17,98,0.976,0.83,0.02,0.897,0.9627,100,100,0,0
200vs200,1100,60,40,PAN1,0.026,93,46,7,54,0.669,0.93,0.46,0.778,0.8433,100,100,0,0
200vs200,1100,60,40,PAN2,0.056,92,3,8,97,0.968,0.92,0.03,0.944,0.99,100,100,0,0
200vs200,1100,60,60,PAN1,0.04,93,13,7,87,0.877,0.93,0.13,0.903,0.9598,100,100,0,0
200vs200,1100,60,60,PAN2,0.051,92,8,8,92,0.92,0.92,0.08,0.92,0.9639,100,100,0,0
200vs200,1100,60,80,PAN1,0.043,91,9,9,91,0.91,0.91,0.09,0.91,0.963,100,100,0,0
200vs200,1100,60,80,PAN2,0.045,87,11,13,89,0.888,0.87,0.11,0.879,0.9463,100,100,0,0
200vs200,1100,60,100,PAN1,0.043,93,9,7,91,0.912,0.93,0.09,0.921,0.9724,100,100,0,0
200vs200,1100,60,100,PAN2,0.044,87,16,13,84,0.845,0.87,0.16,0.857,0.8958,100,100,0,0
200vs200,1100,80,20,PAN1,0.0,100,100,0,0,0.5,1.0,1.0,0.667,0.5572,100,100,0,0
200vs200,1100,80,20,PAN2,0.068,93,9,7,91,0.912,0.93,0.09,0.921,0.9771,100,100,0,0
200vs200,1100,80,40,PAN1,0.021,98,73,2,27,0.573,0.98,0.73,0.723,0.7454,100,100,0,0
200vs200,1100,80,40,PAN2,0.056,93,3,7,97,0.969,0.93,0.03,0.949,0.9876,100,100,0,0
200vs200,1100,80,60,PAN1,0.044,89,19,11,81,0.824,0.89,0.19,0.856,0.927,100,100,0,0
200vs200,1100,80,60,PAN2,0.053,89,6,11,94,0.937,0.89,0.06,0.913,0.9628,100,100,0,0
200vs200,1100,80,80,PAN1,0.034,94,36,6,64,0.723,0.94,0.36,0.817,0.8913,100,100,0,0
200vs200,1100,80,80,PAN2,0.045,90,11,10,89,0.891,0.9,0.11,0.896,0.9436,100,100,0,0
200vs200,1100,80,100,PAN1,0.041,88,22,12,78,0.8,0.88,0.22,0.838,0.9063,100,100,0,0
200vs200,1100,80,100,PAN2,0.044,84,16,16,84,0.84,0.84,0.16,0.84,0.8933,100,100,0,0
200vs200,1100,100,20,PAN1,0.012,99,98,1,2,0.503,0.99,0.98,0.667,0.5687,100,100,0,0
200vs200,1100,100,20,PAN2,0.076,92,2,8,98,0.979,0.92,0.02,0.948,0.982,100,100,0,0
200vs200,1100,100,40,PAN1,0.027,87,54,13,46,0.617,0.87,0.54,0.722,0.7443,100,100,0,0
200vs200,1100,100,40,PAN2,0.054,90,5,10,95,0.947,0.9,0.05,0.923,0.9756,100,100,0,0
200vs200,1100,100,60,PAN1,0.04,83,19,17,81,0.814,0.83,0.19,0.822,0.8893,100,100,0,0
200vs200,1100,100,60,PAN2,0.053,86,6,14,94,0.935,0.86,0.06,0.896,0.9622,100,100,0,0
200vs200,1100,100,80,PAN1,0.042,86,14,14,86,0.86,0.86,0.14,0.86,0.9057,100,100,0,0
200vs200,1100,100,80,PAN2,0.045,87,11,13,89,0.888,0.87,0.11,0.879,0.947,100,100,0,0
200vs200,1100,100,100,PAN1,0.04,84,19,16,81,0.816,0.84,0.19,0.828,0.8933,100,100,0,0
200vs200,1100,100,100,PAN2,0.037,89,28,11,72,0.761,0.89,0.28,0.82,0.885,100,100,0,0
50vs100,1500,20,20,PAN1,0.072,91,72,9,28,0.558,0.91,0.72,0.692,0.5867,100,100,0,0
50vs100,1500,20,20,PAN2,0.052,92,73,8,27,0.558,0.92,0.73,0.694,0.6335,100,100,0,0
50vs100,1500,20,40,PAN1,0.078,94,65,6,35,0.591,0.94,0.65,0.726,0.7314,100,100,0,0
50vs100,1500,20,40,PAN2,0.0,100,100,0,0,0.5,1.0,1.0,0.667,0.5603,100,100,0,0
50vs100,1500,20,60,PAN1,0.118,82,21,18,79,0.796,0.82,0.21,0.808,0.884,100,100,0,0
50vs100,1500,20,60,PAN2,0.016,100,98,0,2,0.505,1.0,0.98,0.671,0.4797,100,100,0,0
50vs100,1500,20,80,PAN1,0.139,83,9,17,91,0.902,0.83,0.09,0.865,0.9331,100,100,0,0
50vs100,1500,20,80,PAN2,0.0,100,100,0,0,0.5,1.0,1.0,0.667,0.5437,100,100,0,0
50vs100,1500,20,100,PAN1,0.127,86,15,14,85,0.851,0.86,0.15,0.856,0.9151,100,100,0,0
50vs100,1500,20,100,PAN2,0.009,100,99,0,1,0.503,1.0,0.99,0.669,0.4946,100,100,0,0
50vs100,1500,40,20,PAN1,0.025,100,99,0,1,0.503,1.0,0.99,0.669,0.5926,100,100,0,0
50vs100,1500,40,20,PAN2,0.065,81,46,19,54,0.638,0.81,0.46,0.714,0.7304,100,100,0,0
50vs100,1500,40,40,PAN1,0.075,74,34,26,66,0.685,0.74,0.34,0.712,0.7457,100,100,0,0
50vs100,1500,40,40,PAN2,0.048,76,39,24,61,0.661,0.76,0.39,0.707,0.7073,100,100,0,0
50vs100,1500,40,60,PAN1,0.078,92,29,8,71,0.76,0.92,0.29,0.833,0.8947,100,100,0,0
50vs100,1500,40,60,PAN2,0.03,92,75,8,25,0.551,0.92,0.75,0.689,0.6695,100,100,0,0
50vs100,1500,40,80,PAN1,0.09,89,15,11,85,0.856,0.89,0.15,0.873,0.9119,100,100,0,0
50vs100,1500,40,80,PAN2,0.037,83,60,17,40,0.58,0.83,0.6,0.683,0.6742,100,100,0,0
50vs100,1500,40,100,PAN1,0.09,88,15,12,85,0.854,0.88,0.15,0.867,0.934,100,100,0,0
50vs100,1500,40,100,PAN2,0.014,99,96,1,4,0.508,0.99,0.96,0.671,0.5934,100,100,0,0
50vs100,1500,60,20,PAN1,0.03,99,96,1,4,0.508,0.99,0.96,0.671,0.5239,100,100,0,0
50vs100,1500,60,20,PAN2,0.084,82,19,18,81,0.812,0.82,0.19,0.816,0.8531,100,100,0,0
50vs100,1500,60,40,PAN1,0.055,84,57,16,43,0.596,0.84,0.57,0.697,0.6876,100,100,0,0
50vs100,1500,60,40,PAN2,0.052,90,33,10,67,0.732,0.9,0.33,0.807,0.8824,100,100,0,0
50vs100,1500,60,60,PAN1,0.07,90,35,10,65,0.72,0.9,0.35,0.8,0.8603,100,100,0,0
50vs100,1500,60,60,PAN2,0.05,83,28,17,72,0.748,0.83,0.28,0.787,0.8339,100,100,0,0
50vs100,1500,60,80,PAN1,0.081,83,22,17,78,0.79,0.83,0.22,0.81,0.8797,100,100,0,0
50vs100,1500,60,80,PAN2,0.048,76,29,24,71,0.724,0.76,0.29,0.741,0.7977,100,100,0,0
50vs100,1500,60,100,PAN1,0.074,91,30,9,70,0.752,0.91,0.3,0.824,0.888,100,100,0,0
50vs100,1500,60,100,PAN2,0.042,90,50,10,50,0.643,0.9,0.5,0.75,0.7387,100,100,0,0
50vs100,1500,80,20,PAN1,0.025,100,96,0,4,0.51,1.0,0.96,0.676,0.5082,100,100,0,0
50vs100,1500,80,20,PAN2,0.089,82,14,18,86,0.854,0.82,0.14,0.837,0.8998,100,100,0,0
50vs100,1500,80,40,PAN1,0.02,100,97,0,3,0.508,1.0,0.97,0.673,0.6368,100,100,0,0
50vs100,1500,80,40,PAN2,0.065,88,14,12,86,0.863,0.88,0.14,0.871,0.9409,100,100,0,0
50vs100,1500,80,60,PAN1,0.073,84,41,16,59,0.672,0.84,0.41,0.747,0.7722,100,100,0,0
50vs100,1500,80,60,PAN2,0.053,81,23,19,77,0.779,0.81,0.23,0.794,0.8603,100,100,0,0
50vs100,1500,80,80,PAN1,0.066,90,51,10,49,0.638,0.9,0.51,0.747,0.8019,100,100,0,0
50vs100,1500,80,80,PAN2,0.049,85,28,15,72,0.752,0.85,0.28,0.798,0.8586,100,100,0,0
50vs100,1500,80,100,PAN1,0.087,77,26,23,74,0.748,0.77,0.26,0.759,0.7905,100,100,0,0
50vs100,1500,80,100,PAN2,0.051,85,36,15,64,0.702,0.85,0.36,0.769,0.8007,100,100,0,0
50vs100,1500,100,20,PAN1,0.025,99,95,1,5,0.51,0.99,0.95,0.673,0.5444,100,100,0,0
50vs100,1500,100,20,PAN2,0.082,90,22,10,78,0.804,0.9,0.22,0.849,0.91,100,100,0,0
50vs100,1500,100,40,PAN1,0.049,88,68,12,32,0.564,0.88,0.68,0.688,0.5981,100,100,0,0
50vs100,1500,100,40,PAN2,0.068,88,10,12,90,0.898,0.88,0.1,0.889,0.9465,100,100,0,0
50vs100,1500,100,60,PAN1,0.053,93,63,7,37,0.596,0.93,0.63,0.727,0.7221,100,100,0,0
50vs100,1500,100,60,PAN2,0.053,85,23,15,77,0.787,0.85,0.23,0.817,0.8739,100,100,0,0
50vs100,1500,100,80,PAN1,0.069,86,45,14,55,0.656,0.86,0.45,0.745,0.7771,100,100,0,0
50vs100,1500,100,80,PAN2,0.051,86,24,14,76,0.782,0.86,0.24,0.819,0.8612,100,100,0,0
50vs100,1500,100,100,PAN1,0.047,95,70,5,30,0.576,0.95,0.7,0.717,0.7473,100,100,0,0
50vs100,1500,100,100,PAN2,0.038,96,58,4,42,0.623,0.96,0.58,0.756,0.8162,100,100,0,0
50vs200,1500,20,20,PAN1,0.049,100,93,0,7,0.518,1.0,0.93,0.683,0.5828,100,100,0,0
50vs200,1500,20,20,PAN2,0.023,99,95,1,5,0.51,0.99,0.95,0.673,0.5702,100,100,0,0
50vs200,1500,20,40,PAN1,0.078,93,65,7,35,0.589,0.93,0.65,0.721,0.7309,100,100,0,0
50vs200,1500,20,40,PAN2,0.013,100,99,0,1,0.503,1.0,0.99,0.669,0.4992,100,100,0,0
50vs200,1500,20,60,PAN1,0.109,84,30,16,70,0.737,0.84,0.3,0.785,0.8567,100,100,0,0
50vs200,1500,20,60,PAN2,0.012,100,96,0,4,0.51,1.0,0.96,0.676,0.5201,100,100,0,0
50vs200,1500,20,80,PAN1,0.127,81,15,19,85,0.844,0.81,0.15,0.827,0.8941,100,100,0,0
50vs200,1500,20,80,PAN2,0.016,95,87,5,13,0.522,0.95,0.87,0.674,0.5855,100,100,0,0
50vs200,1500,20,100,PAN1,0.125,88,16,12,84,0.846,0.88,0.16,0.863,0.9323,100,100,0,0
50vs200,1500,20,100,PAN2,0.0,100,100,0,0,0.5,1.0,1.0,0.667,0.5054,100,100,0,0
50vs200,1500,40,20,PAN1,0.0,100,100,0,0,0.5,1.0,1.0,0.667,0.5685,100,100,0,0
50vs200,1500,40,20,PAN2,0.03,95,83,5,17,0.534,0.95,0.83,0.683,0.629,100,100,0,0
50vs200,1500,40,40,PAN1,0.075,74,34,26,66,0.685,0.74,0.34,0.712,0.7233,100,100,0,0
50vs200,1500,40,40,PAN2,0.027,83,57,17,43,0.593,0.83,0.57,0.692,0.6804,100,100,0,0
50vs200,1500,40,60,PAN1,0.075,89,34,11,66,0.724,0.89,0.34,0.798,0.8692,100,100,0,0
50vs200,1500,40,60,PAN2,0.023,89,68,11,32,0.567,0.89,0.68,0.693,0.6546,100,100,0,0
50vs200,1500,40,80,PAN1,0.088,86,17,14,83,0.835,0.86,0.17,0.847,0.9172,100,100,0,0
50vs200,1500,40,80,PAN2,0.02,92,74,8,26,0.554,0.92,0.74,0.692,0.6421,100,100,0,0
50vs200,1500,40,100,PAN1,0.09,88,15,12,85,0.854,0.88,0.15,0.867,0.9115,100,100,0,0
50vs200,1500,40,100,PAN2,0.0,100,100,0,0,0.5,1.0,1.0,0.667,0.5536,100,100,0,0
50vs200,1500,60,20,PAN1,0.02,100,99,0,1,0.503,1.0,0.99,0.669,0.4866,100,100,0,0
50vs200,1500,60,20,PAN2,0.045,91,46,9,54,0.664,0.91,0.46,0.768,0.8328,100,100,0,0
50vs200,1500,60,40,PAN1,0.046,97,75,3,25,0.564,0.97,0.75,0.713,0.6735,100,100,0,0
50vs200,1500,60,40,PAN2,0.031,94,45,6,55,0.676,0.94,0.45,0.787,0.8474,100,100,0,0
50vs200,1500,60,60,PAN1,0.063,93,46,7,54,0.669,0.93,0.46,0.778,0.8321,100,100,0,0
50vs200,1500,60,60,PAN2,0.029,91,43,9,57,0.679,0.91,0.43,0.778,0.8114,100,100,0,0
50vs200,1500,60,80,PAN1,0.072,93,33,7,67,0.738,0.93,0.33,0.823,0.8857,100,100,0,0
50vs200,1500,60,80,PAN2,0.028,91,50,9,50,0.645,0.91,0.5,0.755,0.7999,100,100,0,0
50vs200,1500,60,100,PAN1,0.07,91,35,9,65,0.722,0.91,0.35,0.805,0.8687,100,100,0,0
50vs200,1500,60,100,PAN2,0.025,90,61,10,39,0.596,0.9,0.61,0.717,0.7002,100,100,0,0
50vs200,1500,80,20,PAN1,0.025,100,96,0,4,0.51,1.0,0.96,0.676,0.5003,100,100,0,0
50vs200,1500,80,20,PAN2,0.058,87,16,13,84,0.845,0.87,0.16,0.857,0.8995,100,100,0,0
50vs200,1500,80,40,PAN1,0.033,98,91,2,9,0.519,0.98,0.91,0.678,0.576,100,100,0,0
50vs200,1500,80,40,PAN2,0.043,80,20,20,80,0.8,0.8,0.2,0.8,0.8933,100,100,0,0
50vs200,1500,80,60,PAN1,0.048,97,77,3,23,0.557,0.97,0.77,0.708,0.7496,100,100,0,0
50vs200,1500,80,60,PAN2,0.04,83,23,17,77,0.783,0.83,0.23,0.806,0.8599,100,100,0,0
50vs200,1500,80,80,PAN1,0.062,88,56,12,44,0.611,0.88,0.56,0.721,0.7539,100,100,0,0
50vs200,1500,80,80,PAN2,0.034,83,29,17,71,0.741,0.83,0.29,0.783,0.8384,100,100,0,0
50vs200,1500,80,100,PAN1,0.057,92,61,8,39,0.601,0.92,0.61,0.727,0.7577,100,100,0,0
50vs200,1500,80,100,PAN2,0.025,93,61,7,39,0.604,0.93,0.61,0.732,0.7553,100,100,0,0
50vs200,1500,100,20,PAN1,0.025,98,95,2,5,0.508,0.98,0.95,0.669,0.5052,100,100,0,0
50vs200,1500,100,20,PAN2,0.058,85,16,15,84,0.842,0.85,0.16,0.846,0.9023,100,100,0,0
50vs200,1500,100,40,PAN1,0.048,91,69,9,31,0.569,0.91,0.69,0.7,0.6079,100,100,0,0
50vs200,1500,100,40,PAN2,0.04,89,24,11,76,0.788,0.89,0.24,0.836,0.9156,100,100,0,0
50vs200,1500,100,60,PAN1,0.047,94,70,6,30,0.573,0.94,0.7,0.712,0.7132,100,100,0,0
50vs200,1500,100,60,PAN2,0.03,94,41,6,59,0.696,0.94,0.41,0.8,0.862,100,100,0,0
50vs200,1500,100,80,PAN1,0.077,83,36,17,64,0.697,0.83,0.36,0.758,0.7806,100,100,0,0
50vs200,1500,100,80,PAN2,0.035,81,25,19,75,0.764,0.81,0.25,0.786,0.8317,100,100,0,0
50vs200,1500,100,100,PAN1,0.05,96,67,4,33,0.589,0.96,0.67,0.73,0.7425,100,100,0,0
50vs200,1500,100,100,PAN2,0.025,92,61,8,39,0.601,0.92,0.61,0.727,0.7429,100,100,0,0
50vs50,1500,20,20,PAN1,0.078,91,65,9,35,0.583,0.91,0.65,0.711,0.653,100,100,0,0
50vs50,1500,20,20,PAN2,0.071,95,79,5,21,0.546,0.95,0.79,0.693,0.6375,100,100,0,0
50vs50,1500,20,40,PAN1,0.081,95,63,5,37,0.601,0.95,0.63,0.736,0.7942,100,100,0,0
50vs50,1500,20,40,PAN2,0.041,97,88,3,12,0.524,0.97,0.88,0.681,0.5706,100,100,0,0
50vs50,1500,20,60,PAN1,0.122,87,18,13,82,0.829,0.87,0.18,0.849,0.9185,100,100,0,0
50vs50,1500,20,60,PAN2,0.04,91,81,9,19,0.529,0.91,0.81,0.669,0.5967,100,100,0,0
50vs50,1500,20,80,PAN1,0.139,93,9,7,91,0.912,0.93,0.09,0.921,0.9598,100,100,0,0
50vs50,1500,20,80,PAN2,0.0,100,100,0,0,0.5,1.0,1.0,0.667,0.5839,100,100,0,0
50vs50,1500,20,100,PAN1,0.143,86,8,14,92,0.915,0.86,0.08,0.887,0.9462,100,100,0,0
50vs50,1500,20,100,PAN2,0.024,100,96,0,4,0.51,1.0,0.96,0.676,0.5881,100,100,0,0
50vs50,1500,40,20,PAN1,0.025,100,99,0,1,0.503,1.0,0.99,0.669,0.6191,100,100,0,0
50vs50,1500,40,20,PAN2,0.094,87,54,13,46,0.617,0.87,0.54,0.722,0.7636,100,100,0,0
50vs50,1500,40,40,PAN1,0.078,79,29,21,71,0.731,0.79,0.29,0.76,0.7898,100,100,0,0
50vs50,1500,40,40,PAN2,0.072,84,46,16,54,0.646,0.84,0.46,0.73,0.765,100,100,0,0
50vs50,1500,40,60,PAN1,0.078,87,29,13,71,0.75,0.87,0.29,0.806,0.8918,100,100,0,0
50vs50,1500,40,60,PAN2,0.069,76,32,24,68,0.704,0.76,0.32,0.731,0.7402,100,100,0,0
50vs50,1500,40,80,PAN1,0.097,93,13,7,87,0.877,0.93,0.13,0.903,0.9558,100,100,0,0
50vs50,1500,40,80,PAN2,0.058,84,50,16,50,0.627,0.84,0.5,0.718,0.707,100,100,0,0
50vs50,1500,40,100,PAN1,0.09,94,15,6,85,0.862,0.94,0.15,0.9,0.9569,100,100,0,0
50vs50,1500,40,100,PAN2,0.048,91,75,9,25,0.548,0.91,0.75,0.684,0.6207,100,100,0,0
50vs50,1500,60,20,PAN1,0.02,100,99,0,1,0.503,1.0,0.99,0.669,0.5507,100,100,0,0
50vs50,1500,60,20,PAN2,0.135,84,12,16,88,0.875,0.84,0.12,0.857,0.9117,100,100,0,0
50vs50,1500,60,40,PAN1,0.054,96,60,4,40,0.615,0.96,0.6,0.75,0.79,100,100,0,0
50vs50,1500,60,40,PAN2,0.098,83,12,17,88,0.874,0.83,0.12,0.851,0.9056,100,100,0,0
50vs50,1500,60,60,PAN1,0.078,87,26,13,74,0.77,0.87,0.26,0.817,0.8905,100,100,0,0
50vs50,1500,60,60,PAN2,0.073,87,31,13,69,0.737,0.87,0.31,0.798,0.856,100,100,0,0
50vs50,1500,60,80,PAN1,0.097,84,10,16,90,0.894,0.84,0.1,0.866,0.9205,100,100,0,0
50vs50,1500,60,80,PAN2,0.07,89,38,11,62,0.701,0.89,0.38,0.784,0.8422,100,100,0,0
50vs50,1500,60,100,PAN1,0.084,92,20,8,80,0.821,0.92,0.2,0.868,0.9189,100,100,0,0
50vs50,1500,60,100,PAN2,0.064,93,51,7,49,0.646,0.93,0.51,0.762,0.8018,100,100,0,0
50vs50,1500,80,20,PAN1,0.033,97,91,3,9,0.516,0.97,0.91,0.674,0.5207,100,100,0,0
50vs50,1500,80,20,PAN2,0.141,85,8,15,92,0.914,0.85,0.08,0.881,0.9349,100,100,0,0
50vs50,1500,80,40,PAN1,0.055,85,64,15,36,0.57,0.85,0.64,0.683,0.6259,100,100,0,0
50vs50,1500,80,40,PAN2,0.093,94,17,6,83,0.847,0.94,0.17,0.891,0.9544,100,100,0,0
50vs50,1500,80,60,PAN1,0.074,81,39,19,61,0.675,0.81,0.39,0.736,0.7727,100,100,0,0
50vs50,1500,80,60,PAN2,0.091,87,11,13,89,0.888,0.87,0.11,0.879,0.9208,100,100,0,0
50vs50,1500,80,80,PAN1,0.074,85,39,15,61,0.685,0.85,0.39,0.759,0.8007,100,100,0,0
50vs50,1500,80,80,PAN2,0.093,82,16,18,84,0.837,0.82,0.16,0.828,0.9104,100,100,0,0
50vs50,1500,80,100,PAN1,0.087,78,26,22,74,0.75,0.78,0.26,0.765,0.829,100,100,0,0
50vs50,1500,80,100,PAN2,0.08,83,33,17,67,0.716,0.83,0.33,0.769,0.8242,100,100,0,0
50vs50,1500,100,20,PAN1,0.0,100,100,0,0,0.5,1.0,1.0,0.667,0.5442,100,100,0,0
50vs50,1500,100,20,PAN2,0.141,89,8,11,92,0.918,0.89,0.08,0.904,0.956,100,100,0,0
50vs50,1500,100,40,PAN1,0.046,93,75,7,25,0.554,0.93,0.75,0.694,0.6286,100,100,0,0
50vs50,1500,100,40,PAN2,0.108,89,8,11,92,0.918,0.89,0.08,0.904,0.9547,100,100,0,0
50vs50,1500,100,60,PAN1,0.047,98,70,2,30,0.583,0.98,0.7,0.731,0.7707,100,100,0,0
50vs50,1500,100,60,PAN2,0.091,86,11,14,89,0.887,0.86,0.11,0.873,0.9265,100,100,0,0
50vs50,1500,100,80,PAN1,0.088,79,22,21,78,0.782,0.79,0.22,0.786,0.8257,100,100,0,0
50vs50,1500,100,80,PAN2,0.101,74,11,26,89,0.871,0.74,0.11,0.8,0.8664,100,100,0,0
50vs50,1500,100,100,PAN1,0.088,75,22,25,78,0.773,0.75,0.22,0.761,0.7954,100,100,0,0
50vs50,1500,100,100,PAN2,0.106,71,12,29,88,0.855,0.71,0.12,0.776,0.8349,100,100,0,0
