mode,group,key,n,clip_denom4,clip_denom5
td,all,,3599932,342042,342042
conv,all,,3599946,9990,0
td,load,20,719945,125396,125396
conv,load,20,719966,3290,0
td,load,40,719996,81339,81339
conv,load,40,719992,2712,0
td,load,60,719996,57032,57032
conv,load,60,719993,1666,0
td,load,80,719996,42890,42890
conv,load,80,719996,1254,0
td,load,100,719999,35385,35385
conv,load,100,719999,1068,0
td,bin,-2,362854,1680,1680
conv,bin,-2,385987,13,0
td,bin,-1,659586,672,672
conv,bin,-1,615354,37,0
td,bin,0,1442583,91329,91329
conv,bin,0,1472498,1518,0
td,bin,1,842113,146259,146259
conv,bin,1,833228,4401,0
td,bin,2,206214,69242,69242
conv,bin,2,206073,2639,0
td,bin,3,67222,25502,25502
conv,bin,3,67478,1102,0
td,bin,4,15306,5884,5884
conv,bin,4,15248,196,0
td,bin,5,3418,1257,1257
conv,bin,5,3474,58,0
td,bin,6,636,217,217
conv,bin,6,606,26,0
td,link,dl,1799999,211327,211327
conv,link,dl,1799999,5010,0
td,link,ul,1799933,130715,130715
conv,link,ul,1799947,4980,0
