mode,seed,n_obs,n_neg,neg_rate,n_gt1,n_invalid,n_zero_denom,min_per,max_per
td,0,36000,3878,0.10772222222222222,0,0,0,-2.5,1.0
td,1,36000,3607,0.10019444444444445,0,0,0,-2.0,1.0
td,2,36000,3770,0.10472222222222222,0,0,0,-2.6666666666666665,1.0
td,3,36000,4238,0.11772222222222223,0,0,0,-3.333333333333333,1.0
td,4,36000,3094,0.08594444444444445,0,0,0,-8.0,1.0
td,5,35999,3679,0.10219728325786827,0,0,1,-8.0,1.0
td,6,35998,3213,0.0892549586088116,0,0,2,-2.5,1.0
td,7,36000,3174,0.08816666666666667,0,0,0,-3.5,1.0
td,8,35999,4374,0.1215033750937526,0,0,1,-4.5,1.0
td,9,35999,3421,0.09503041751159755,0,0,1,-7.0,1.0
td,10,36000,3635,0.10097222222222223,0,0,0,-3.0,1.0
td,11,35999,3698,0.10272507569654712,0,0,1,-4.333333333333333,1.0
td,12,35998,2993,0.08314350797266515,0,0,2,-2.6,1.0
td,13,36000,4041,0.11225,0,0,0,-4.0,1.0
td,14,36000,4633,0.12869444444444444,0,0,0,-5.0,1.0
td,15,36000,2773,0.07702777777777778,0,0,0,-2.2,1.0
td,16,36000,3533,0.09813888888888889,0,0,0,-4.0,1.0
td,17,35999,4022,0.11172532570349177,0,0,1,-9.0,1.0
td,18,35999,3062,0.08505791827550765,0,0,1,-5.0,1.0
td,19,36000,1992,0.05533333333333333,0,0,0,-3.5,1.0
td,20,36000,3544,0.09844444444444445,0,0,0,-3.5,1.0
td,21,35998,3040,0.08444913606311462,0,0,2,-4.666666666666667,1.0
td,22,35999,3315,0.09208589127475764,0,0,1,-4.0,1.0
td,23,36000,4002,0.11116666666666666,0,0,0,-2.3333333333333335,1.0
td,24,35998,2189,0.06080893382965721,0,0,2,-3.0,1.0
td,25,36000,3913,0.10869444444444444,0,0,0,-3.333333333333333,1.0
td,26,35997,3079,0.08553490568658499,0,0,3,-10.0,1.0
td,27,35999,2996,0.08322453401483375,0,0,1,-4.0,1.0
td,28,36000,2995,0.08319444444444445,0,0,0,-3.333333333333333,1.0
td,29,36000,4261,0.11836111111111111,0,0,0,-1.7692307692307692,1.0
td,30,36000,3627,0.10075,0,0,0,-6.0,1.0
td,31,36000,3577,0.09936111111111111,0,0,0,-2.3333333333333335,1.0
td,32,35998,3221,0.08947719317739875,0,0,2,-3.0,1.0
td,33,36000,3916,0.10877777777777778,0,0,0,-6.0,1.0
td,34,35998,4068,0.11300627812656258,0,0,2,-4.0,1.0
td,35,36000,3375,0.09375,0,0,0,-3.25,1.0
td,36,36000,3679,0.10219444444444445,0,0,0,-3.5,1.0
td,37,35998,2917,0.08103227957108729,0,0,2,-3.5,1.0
td,38,36000,1663,0.04619444444444445,0,0,0,-2.5,1.0
td,39,36000,3142,0.08727777777777777,0,0,0,-5.0,1.0
td,40,36000,3489,0.09691666666666666,0,0,0,-6.0,1.0
td,41,35997,3046,0.08461816262466317,0,0,3,-4.0,1.0
td,42,36000,3289,0.09136111111111112,0,0,0,-3.5,1.0
td,43,36000,2998,0.08327777777777778,0,0,0,-4.0,1.0
td,44,35999,3080,0.08555793216478236,0,0,1,-8.0,1.0
td,45,36000,2799,0.07775,0,0,0,-5.0,1.0
td,46,35999,3579,0.09941942831745326,0,0,1,-2.5,1.0
td,47,36000,3105,0.08625,0,0,0,-2.6666666666666665,1.0
td,48,35998,4272,0.11867325962553475,0,0,2,-3.0,1.0
td,49,36000,2305,0.06402777777777778,0,0,0,-5.0,1.0
td,50,35998,3225,0.08958831046169231,0,0,2,-5.0,1.0
td,51,35999,4300,0.1194477624378455,0,0,1,-2.6666666666666665,1.0
td,52,35999,3404,0.094558182171727,0,0,1,-4.0,1.0
td,53,35999,3329,0.09247479096641574,0,0,1,-2.0,1.0
td,54,35998,4193,0.1164786932607367,0,0,2,-2.3333333333333335,1.0
td,55,35999,3232,0.08978027167421317,0,0,1,-5.0,1.0
td,56,36000,4315,0.11986111111111111,0,0,0,-6.0,1.0
td,57,36000,3445,0.09569444444444444,0,0,0,-3.0,1.0
td,58,35999,3648,0.10133614822633961,0,0,1,-2.4,1.0
td,59,35999,3525,0.09791938664962915,0,0,1,-2.25,1.0
td,60,35999,2275,0.06319619989444152,0,0,1,-2.25,1.0
td,61,36000,3193,0.08869444444444445,0,0,0,-3.0,1.0
td,62,36000,3854,0.10705555555555556,0,0,0,-2.75,1.0
td,63,36000,3708,0.103,0,0,0,-7.0,1.0
td,64,36000,4782,0.13283333333333333,0,0,0,-4.0,1.0
td,65,35999,3751,0.10419733881496708,0,0,1,-5.0,1.0
td,66,35998,4361,0.12114561920106673,0,0,2,-8.0,1.0
td,67,35999,4593,0.12758687741326147,0,0,1,-2.5,1.0
td,68,35999,3590,0.09972499236089892,0,0,1,-3.333333333333333,1.0
td,69,36000,3008,0.08355555555555555,0,0,0,-13.0,1.0
td,70,35999,3299,0.09164143448429123,0,0,1,-2.2,1.0
td,71,35999,2880,0.08000222228395233,0,0,1,-5.0,1.0
td,72,35999,3390,0.0941692824800689,0,0,1,-5.0,1.0
td,73,36000,3247,0.09019444444444444,0,0,0,-3.0,1.0
td,74,36000,4246,0.11794444444444445,0,0,0,-6.0,1.0
td,75,36000,3137,0.08713888888888889,0,0,0,-6.0,1.0
td,76,36000,3065,0.08513888888888889,0,0,0,-3.0,1.0
td,77,35997,3160,0.0877850932022113,0,0,3,-16.0,1.0
td,78,35996,3265,0.09070452272474719,0,0,4,-2.3333333333333335,1.0
td,79,36000,2345,0.06513888888888889,0,0,0,-3.0,1.0
td,80,35999,2682,0.07450206950193061,0,0,1,-2.2,1.0
td,81,35999,3705,0.10291952554237618,0,0,1,-2.5,1.0
td,82,35999,4172,0.11589210811411428,0,0,1,-3.2,1.0
td,83,36000,3366,0.0935,0,0,0,-4.0,1.0
td,84,36000,4334,0.12038888888888889,0,0,0,-4.0,1.0
td,85,36000,3369,0.09358333333333334,0,0,0,-3.666666666666667,1.0
td,86,35998,3799,0.10553364075781987,0,0,2,-5.5,1.0
td,87,35998,3189,0.08858825490305017,0,0,2,-5.0,1.0
td,88,36000,4181,0.11613888888888889,0,0,0,-2.5,1.0
td,89,35999,3574,0.09928053557043251,0,0,1,-4.0,1.0
td,90,36000,2572,0.07144444444444445,0,0,0,-7.0,1.0
td,91,36000,3212,0.08922222222222222,0,0,0,-1.1428571428571428,1.0
td,92,36000,2377,0.06602777777777778,0,0,0,-3.5,1.0
td,93,36000,3488,0.09688888888888889,0,0,0,-9.0,1.0
td,94,35999,3262,0.09061362815633768,0,0,1,-4.5,1.0
td,95,36000,2245,0.06236111111111111,0,0,0,-12.0,1.0
td,96,36000,2781,0.07725,0,0,0,-4.0,1.0
td,97,36000,4257,0.11825,0,0,0,-3.0,1.0
td,98,36000,2715,0.07541666666666667,0,0,0,-2.5,1.0
td,99,35999,3686,0.10239173310369733,0,0,1,-2.5,1.0
conv,0,36000,174,0.004833333333333334,0,0,0,-0.6666666666666667,1.0
conv,1,36000,144,0.004,0,0,0,-0.25,1.0
conv,2,36000,126,0.0035,0,0,0,-0.25,1.0
conv,3,36000,117,0.00325,0,0,0,-0.19999999999999996,1.0
conv,4,36000,171,0.00475,0,0,0,-0.3999999999999999,1.0
conv,5,35999,68,0.0018889413594822078,0,0,1,-0.3999999999999999,1.0
conv,6,36000,119,0.0033055555555555555,0,0,0,-1.0,1.0
conv,7,36000,93,0.0025833333333333333,0,0,0,-0.1428571428571428,1.0
conv,8,35999,144,0.004000111114197616,0,0,1,-0.25,1.0
conv,9,35998,101,0.0028057114284126897,0,0,2,-2.0,1.0
conv,10,35999,163,0.004527903552876469,0,0,1,-0.5,1.0
conv,11,36000,192,0.005333333333333333,0,0,0,-1.0,1.0
conv,12,36000,135,0.00375,0,0,0,-0.5,1.0
conv,13,36000,69,0.0019166666666666666,0,0,0,-0.25,1.0
conv,14,36000,90,0.0025,0,0,0,-0.6666666666666667,1.0
conv,15,36000,117,0.00325,0,0,0,-1.0,1.0
conv,16,35999,52,0.001444484569015806,0,0,1,-0.33333333333333326,1.0
conv,17,35998,75,0.0020834490805044727,0,0,2,-2.0,1.0
conv,18,36000,118,0.003277777777777778,0,0,0,-0.5,1.0
conv,19,36000,70,0.0019444444444444444,0,0,0,-1.0,1.0
conv,20,35999,60,0.001666712964249007,0,0,1,-0.5,1.0
conv,21,36000,70,0.0019444444444444444,0,0,0,-0.5,1.0
conv,22,36000,131,0.003638888888888889,0,0,0,-0.19999999999999996,1.0
conv,23,35998,115,0.003194621923440191,0,0,2,-0.3999999999999999,1.0
conv,24,36000,72,0.002,0,0,0,-2.0,1.0
conv,25,36000,75,0.0020833333333333333,0,0,0,-0.3999999999999999,1.0
conv,26,36000,72,0.002,0,0,0,-1.0,1.0
conv,27,36000,258,0.007166666666666667,0,0,0,-0.33333333333333326,1.0
conv,28,36000,68,0.001888888888888889,0,0,0,-0.3999999999999999,1.0
conv,29,35999,114,0.003166754632073113,0,0,1,-1.0,1.0
conv,30,36000,45,0.00125,0,0,0,-0.33333333333333326,1.0
conv,31,36000,112,0.003111111111111111,0,0,0,-0.5,1.0
conv,32,35997,75,0.002083506958913243,0,0,3,-0.375,1.0
conv,33,35999,115,0.003194533181477263,0,0,1,-0.6666666666666667,1.0
conv,34,36000,114,0.0031666666666666666,0,0,0,-0.33333333333333326,1.0
conv,35,35997,76,0.002111287051698753,0,0,3,-0.5,1.0
conv,36,36000,147,0.004083333333333333,0,0,0,-1.0,1.0
conv,37,35996,87,0.0024169352150238918,0,0,4,-0.5,1.0
conv,38,36000,36,0.001,0,0,0,-0.25,1.0
conv,39,35999,80,0.002222283952332009,0,0,1,-1.0,1.0
conv,40,36000,86,0.0023888888888888887,0,0,0,-0.5,1.0
conv,41,35999,32,0.0008889135809328037,0,0,1,-0.16666666666666674,1.0
conv,42,36000,83,0.0023055555555555555,0,0,0,-1.0,1.0
conv,43,35999,103,0.002861190588627462,0,0,1,-2.0,1.0
conv,44,35998,42,0.0011667314850825046,0,0,2,-0.6666666666666667,1.0
conv,45,36000,61,0.0016944444444444444,0,0,0,-0.33333333333333326,1.0
conv,46,36000,111,0.0030833333333333333,0,0,0,-0.5,1.0
conv,47,35999,88,0.00244451234756521,0,0,1,-0.33333333333333326,1.0
conv,48,36000,105,0.002916666666666667,0,0,0,-0.18181818181818188,1.0
conv,49,36000,100,0.002777777777777778,0,0,0,-0.5,1.0
conv,50,36000,106,0.0029444444444444444,0,0,0,-1.5,1.0
conv,51,36000,127,0.0035277777777777777,0,0,0,-0.25,1.0
conv,52,36000,87,0.002416666666666667,0,0,0,-1.0,1.0
conv,53,35999,78,0.002166726853523709,0,0,1,-1.0,1.0
conv,54,35999,151,0.0041945609600266675,0,0,1,-1.0,1.0
conv,55,36000,134,0.0037222222222222223,0,0,0,-0.33333333333333326,1.0
conv,56,36000,130,0.003611111111111111,0,0,0,-1.5,1.0
conv,57,36000,95,0.002638888888888889,0,0,0,-1.0,1.0
conv,58,36000,109,0.0030277777777777777,0,0,0,-0.625,1.0
conv,59,36000,96,0.0026666666666666666,0,0,0,-0.33333333333333326,1.0
conv,60,36000,29,0.0008055555555555556,0,0,0,-0.5,1.0
conv,61,35999,78,0.002166726853523709,0,0,1,-0.19999999999999996,1.0
conv,62,36000,141,0.003916666666666666,0,0,0,-0.5,1.0
conv,63,35999,132,0.003666768521347815,0,0,1,-2.0,1.0
conv,64,36000,114,0.0031666666666666666,0,0,0,-0.33333333333333326,1.0
conv,65,35999,109,0.0030278618850523627,0,0,1,-1.0,1.0
conv,66,36000,202,0.005611111111111111,0,0,0,-2.0,1.0
conv,67,36000,116,0.0032222222222222222,0,0,0,-0.16666666666666674,1.0
conv,68,35997,164,0.004555935216823624,0,0,3,-0.4285714285714286,1.0
conv,69,36000,86,0.0023888888888888887,0,0,0,-0.6666666666666667,1.0
conv,70,36000,84,0.0023333333333333335,0,0,0,-0.5,1.0
conv,71,35998,76,0.0021112284015778653,0,0,2,-1.0,1.0
conv,72,35998,114,0.003166842602366798,0,0,2,-0.5,1.0
conv,73,36000,59,0.001638888888888889,0,0,0,-0.5,1.0
conv,74,36000,112,0.003111111111111111,0,0,0,-0.33333333333333326,1.0
conv,75,36000,83,0.0023055555555555555,0,0,0,-1.0,1.0
conv,76,36000,54,0.0015,0,0,0,-0.5,1.0
conv,77,36000,92,0.0025555555555555557,0,0,0,-0.5,1.0
conv,78,36000,72,0.002,0,0,0,-0.6666666666666667,1.0
conv,79,35998,64,0.0017778765486971498,0,0,2,-0.5,1.0
conv,80,36000,39,0.0010833333333333333,0,0,0,-0.19999999999999996,1.0
conv,81,35999,111,0.0030834189838606627,0,0,1,-0.19999999999999996,1.0
conv,82,35999,170,0.0047223533987055194,0,0,1,-1.0,1.0
conv,83,36000,45,0.00125,0,0,0,-0.16666666666666674,1.0
conv,84,36000,155,0.0043055555555555555,0,0,0,-0.5,1.0
conv,85,36000,74,0.0020555555555555557,0,0,0,-0.16666666666666674,1.0
conv,86,36000,104,0.0028888888888888888,0,0,0,-0.33333333333333326,1.0
conv,87,35999,105,0.0029167476874357623,0,0,1,-1.0,1.0
conv,88,36000,130,0.003611111111111111,0,0,0,-0.4285714285714286,1.0
conv,89,35999,161,0.004472346454068169,0,0,1,-0.33333333333333326,1.0
conv,90,35998,67,0.0018612145119173288,0,0,2,-0.5,1.0
conv,91,36000,41,0.001138888888888889,0,0,0,-0.25,1.0
conv,92,35999,68,0.0018889413594822078,0,0,1,-0.25,1.0
conv,93,35998,56,0.0015556419801100061,0,0,2,-0.33333333333333326,1.0
conv,94,36000,58,0.0016111111111111111,0,0,0,-1.0,1.0
conv,95,36000,67,0.0018611111111111111,0,0,0,-0.6666666666666667,1.0
conv,96,36000,96,0.0026666666666666666,0,0,0,-1.0,1.0
conv,97,36000,139,0.003861111111111111,0,0,0,-1.0,1.0
conv,98,35999,41,0.0011389205255701548,0,0,1,-0.5,1.0
conv,99,35999,98,0.0027222978416067112,0,0,1,-0.33333333333333326,1.0
