PAN1_CH,PAN2_CH,Distance,PAN1_Offload,PAN2_Offload,Seed,PAN1_PC_Deq_Total,PAN1_PC_Deq_to_Dev3,PAN1_PC_Deq_to_Dev4,PAN1_PC_Deq_to_Dev5,PAN1_PC_Deq_to_Dev6,PAN1_PC_Deq_to_Dev7,PAN1_PC_Deq_to_Dev8,PAN1_PC_Deq_to_Dev9,PAN1_PC_Deq_to_Dev10,PAN1_PC_Deq_to_Dev11,PAN1_PC_Deq_to_Dev12,PAN1_Dev3_Deq,PAN1_Dev4_Deq,PAN1_Dev5_Deq,PAN1_Dev6_Deq,PAN1_Dev7_Deq,PAN1_Dev8_Deq,PAN1_Dev9_Deq,PAN1_Dev10_Deq,PAN1_Dev11_Deq,PAN1_Dev12_Deq,PAN2_PC_Deq_Total,PAN2_PC_Deq_to_Dev13,PAN2_PC_Deq_to_Dev14,PAN2_PC_Deq_to_Dev15,PAN2_PC_Deq_to_Dev16,PAN2_PC_Deq_to_Dev17,PAN2_PC_Deq_to_Dev18,PAN2_PC_Deq_to_Dev19,PAN2_PC_Deq_to_Dev20,PAN2_PC_Deq_to_Dev21,PAN2_PC_Deq_to_Dev22,PAN2_Dev13_Deq,PAN2_Dev14_Deq,PAN2_Dev15_Deq,PAN2_Dev16_Deq,PAN2_Dev17_Deq,PAN2_Dev18_Deq,PAN2_Dev19_Deq,PAN2_Dev20_Deq,PAN2_Dev21_Deq,PAN2_Dev22_Deq,PAN1_PC_Rx_Total,PAN1_PC_Rx_from_Dev3,PAN1_PC_Rx_from_Dev4,PAN1_PC_Rx_from_Dev5,PAN1_PC_Rx_from_Dev6,PAN1_PC_Rx_from_Dev7,PAN1_PC_Rx_from_Dev8,PAN1_PC_Rx_from_Dev9,PAN1_PC_Rx_from_Dev10,PAN1_PC_Rx_from_Dev11,PAN1_PC_Rx_from_Dev12,PAN2_PC_Rx_Total,PAN2_PC_Rx_from_Dev13,PAN2_PC_Rx_from_Dev14,PAN2_PC_Rx_from_Dev15,PAN2_PC_Rx_from_Dev16,PAN2_PC_Rx_from_Dev17,PAN2_PC_Rx_from_Dev18,PAN2_PC_Rx_from_Dev19,PAN2_PC_Rx_from_Dev20,PAN2_PC_Rx_from_Dev21,PAN2_PC_Rx_from_Dev22,PAN1_Dev3_Rx_from_PC,PAN1_Dev4_Rx_from_PC,PAN1_Dev5_Rx_from_PC,PAN1_Dev6_Rx_from_PC,PAN1_Dev7_Rx_from_PC,PAN1_Dev8_Rx_from_PC,PAN1_Dev9_Rx_from_PC,PAN1_Dev10_Rx_from_PC,PAN1_Dev11_Rx_from_PC,PAN1_Dev12_Rx_from_PC,PAN2_Dev13_Rx_from_PC,PAN2_Dev14_Rx_from_PC,PAN2_Dev15_Rx_from_PC,PAN2_Dev16_Rx_from_PC,PAN2_Dev17_Rx_from_PC,PAN2_Dev18_Rx_from_PC,PAN2_Dev19_Rx_from_PC,PAN2_Dev20_Rx_from_PC,PAN2_Dev21_Rx_from_PC,PAN2_Dev22_Rx_from_PC,PAN1_PC_RSSI_Avg_from_Dev3,PAN1_PC_RSSI_Avg_from_Dev4,PAN1_PC_RSSI_Avg_from_Dev5,PAN1_PC_RSSI_Avg_from_Dev6,PAN1_PC_RSSI_Avg_from_Dev7,PAN1_PC_RSSI_Avg_from_Dev8,PAN1_PC_RSSI_Avg_from_Dev9,PAN1_PC_RSSI_Avg_from_Dev10,PAN1_PC_RSSI_Avg_from_Dev11,PAN1_PC_RSSI_Avg_from_Dev12,PAN2_PC_RSSI_Avg_from_Dev13,PAN2_PC_RSSI_Avg_from_Dev14,PAN2_PC_RSSI_Avg_from_Dev15,PAN2_PC_RSSI_Avg_from_Dev16,PAN2_PC_RSSI_Avg_from_Dev17,PAN2_PC_RSSI_Avg_from_Dev18,PAN2_PC_RSSI_Avg_from_Dev19,PAN2_PC_RSSI_Avg_from_Dev20,PAN2_PC_RSSI_Avg_from_Dev21,PAN2_PC_RSSI_Avg_from_Dev22
2,2,1500,10,10,2,1371,136,138,139,137,137,137,136,137,138,136,237,259,281,245,268,290,254,276,240,262,1682,169,167,169,168,169,168,168,168,168,168,285,249,271,235,257,280,244,266,288,252,708,68,172,0,10,72,151,130,0,21,84,1830,191,224,193,137,172,184,198,191,197,143,102,119,0,99,31,75,94,0,59,18,23,142,111,131,135,30,134,135,142,122,-89.2832,-64.7684,0.0,-89.2698,-88.9662,-86.8727,-82.7138,0.0,-86.026,-85.0182,-84.7186,-66.945,-83.2799,-70.3418,-72.7355,-86.1643,-77.7311,-71.2318,-77.509,-81.5255
0,2,1500,10,20,0,244,24,25,25,25,25,24,24,24,24,24,24,21,23,20,22,24,21,23,20,22,1477,149,149,145,147,150,149,145,148,147,148,556,484,529,573,502,546,474,519,563,491,44,2,0,0,2,9,2,12,0,0,17,944,14,54,63,53,318,63,188,55,30,106,5,25,25,1,0,0,0,1,3,2,54,63,41,31,89,41,84,38,74,60,-91.2821,0.0,0.0,-91.2197,-89.0339,-92.6968,-89.3149,0.0,0.0,-88.1676,-90.4608,-88.7012,-83.9315,-88.4963,-72.1063,-86.771,-73.7767,-90.1541,-84.9994,-83.0024
0,0,1500,20,20,1,486,48,48,49,49,49,49,48,49,48,49,44,48,42,46,40,43,47,41,45,48,486,48,49,48,48,48,49,49,49,49,49,42,46,40,44,48,42,45,39,43,47,304,40,48,39,19,22,18,46,41,27,4,234,15,33,33,30,11,8,23,21,42,18,34,23,49,3,49,40,42,47,12,37,42,20,44,7,27,34,34,49,29,43,-88.8968,-93.6442,-37.9213,-86.1033,-79.8255,-75.8013,-81.896,-87.2641,-88.4643,-91.1224,-88.7184,-90.3684,-80.5712,-87.4547,-89.5024,-89.6811,-69.2414,-62.482,-75.2488,-89.5198
0,5,1500,10,10,2,244,24,25,25,24,24,25,24,24,25,24,20,22,24,21,23,25,22,23,20,22,968,97,96,97,97,97,97,97,96,97,97,95,83,91,79,86,94,82,89,96,84,205,20,22,24,21,23,24,22,11,16,22,869,95,83,91,79,86,84,82,89,96,84,21,25,25,24,24,25,24,24,22,24,97,96,97,96,97,97,97,96,97,97,-89.2832,-64.7684,-91.2955,-89.2698,-88.9662,-86.8727,-82.7138,-92.3312,-86.026,-85.0182,-84.7186,-66.945,-83.2799,-70.3418,-72.7355,-86.1643,-77.7311,-71.2318,-77.509,-81.5255
0,3,1500,20,10,0,486,48,49,49,49,49,49,48,48,48,49,48,43,46,40,44,48,42,45,39,43,246,25,25,24,24,25,25,24,25,24,25,24,21,22,24,21,23,20,22,24,21,319,22,7,43,33,44,48,42,21,16,43,205,24,21,5,24,21,23,20,22,24,21,38,49,49,49,49,49,31,33,18,44,25,25,24,24,23,25,24,25,24,25,-91.2821,-93.582,-92.0966,-91.2197,-89.0339,-92.6968,-89.3149,-95.4987,-96.1721,-88.1676,-90.4608,-88.7012,-83.9315,-88.4963,-72.1063,-86.771,-73.7767,-90.1541,-84.9994,-83.0024
0,1,1500,20,20,0,485,48,49,49,49,49,49,48,48,48,48,48,43,46,40,44,48,42,45,39,43,1354,136,136,135,135,136,136,135,135,135,135,186,162,177,191,167,182,158,173,188,164,82,4,0,1,7,24,7,3,2,1,33,642,32,36,90,56,110,71,80,14,87,66,24,46,49,1,3,0,0,2,5,2,72,97,40,41,104,40,102,37,105,82,-91.2821,0.0,-92.0966,-91.2197,-89.0339,-92.6968,-89.3149,-95.4987,-96.1721,-88.1676,-90.4608,-88.7012,-83.9315,-88.4963,-72.1063,-86.771,-73.7767,-90.1541,-84.9994,-83.0024
0,5,1500,10,10,0,244,24,25,25,25,25,24,24,24,24,24,24,21,23,20,22,24,21,23,20,22,968,97,97,96,97,97,97,96,97,97,97,93,81,89,96,84,91,79,87,94,82,205,18,12,23,20,22,24,21,23,20,22,874,93,81,88,96,84,91,79,87,93,82,24,25,25,25,25,24,22,24,18,14,97,97,96,97,97,95,96,97,97,97,-91.2821,-93.582,-92.0966,-91.2197,-89.0339,-92.6968,-89.3149,-95.4987,-96.1721,-88.1676,-90.4608,-88.7012,-83.9315,-88.4963,-72.1063,-86.771,-73.7767,-90.1541,-84.9994,-83.0024
0,3,1500,20,10,2,486,48,49,49,48,49,49,48,49,49,48,40,44,47,41,45,49,43,46,40,44,246,25,24,25,24,25,25,25,24,25,24,24,21,23,20,22,24,21,23,24,21,410,40,44,45,38,45,44,43,27,40,44,209,24,21,23,20,22,24,21,23,19,12,45,48,49,48,49,49,47,48,19,46,25,22,25,24,25,25,25,15,25,24,-89.2832,-64.7684,-91.2955,-89.2698,-88.9662,-86.8727,-82.7138,-92.3312,-86.026,-85.0182,-84.7186,-66.945,-83.2799,-70.3418,-72.7355,-86.1643,-77.7311,-71.2318,-77.509,-81.5255
0,1,1500,20,20,2,486,48,49,49,48,49,49,48,49,49,48,40,44,47,41,45,49,43,46,40,44,1670,167,166,167,167,168,167,167,167,167,167,190,166,181,157,172,187,163,177,192,168,270,31,39,17,2,45,40,38,4,10,44,1086,115,96,129,97,128,81,103,116,125,96,27,49,10,42,47,47,36,46,19,6,71,130,127,140,140,75,130,137,138,140,-89.2832,-64.7684,-91.2955,-89.2698,-88.9662,-86.8727,-82.7138,-92.3312,-86.026,-85.0182,-84.7186,-66.945,-83.2799,-70.3418,-72.7355,-86.1643,-77.7311,-71.2318,-77.509,-81.5255
1,1,1500,10,20,1,966,96,96,97,97,97,97,96,97,96,97,88,95,83,91,79,86,94,82,89,96,1519,151,152,152,152,151,152,152,153,152,152,168,183,159,174,189,165,180,156,171,186,400,10,3,44,31,21,60,84,57,53,37,659,51,51,77,70,54,30,81,91,112,42,67,58,97,14,82,82,72,93,19,27,124,57,122,39,66,69,115,130,106,111,-88.8968,-93.6442,-37.9213,-86.1033,-79.8255,-75.8013,-81.896,-87.2641,-88.4643,-91.1224,-88.7184,-90.3684,-80.5712,-87.4547,-89.5024,-89.6811,-69.2414,-62.482,-75.2488,-89.5198
0,4,1500,10,10,1,246,24,24,25,25,25,25,24,25,24,25,22,24,21,23,20,22,24,21,23,24,489,48,49,49,49,49,49,49,49,49,49,42,46,40,44,48,42,45,39,43,47,224,22,24,21,23,20,22,24,21,23,24,436,42,46,40,44,48,42,45,39,43,47,24,17,25,25,25,25,24,25,24,25,48,49,49,49,48,49,49,49,49,49,-88.8968,-93.6442,-37.9213,-86.1033,-79.8255,-75.8013,-81.896,-87.2641,-88.4643,-91.1224,-88.7184,-90.3684,-80.5712,-87.4547,-89.5024,-89.6811,-69.2414,-62.482,-75.2488,-89.5198
1,2,1500,20,20,1,1285,128,128,129,129,129,128,128,129,128,129,175,190,166,181,157,172,187,163,178,192,1485,147,148,148,148,148,149,150,151,148,148,504,549,477,522,566,494,539,467,511,556,381,10,2,92,13,55,92,48,18,36,15,893,7,6,55,22,25,3,287,247,233,8,79,40,92,20,50,86,78,85,6,21,61,9,75,6,21,17,90,86,83,44,-88.8968,-93.6442,-37.9213,-86.1033,-79.8255,-75.8013,-81.896,-87.2641,-88.4643,-91.1224,-88.7184,-90.3684,-80.5712,-87.4547,-89.5024,-89.6811,-69.2414,-62.482,-75.2488,-89.5198
0,2,1500,10,20,2,244,24,25,25,24,24,25,24,24,25,24,20,22,24,21,23,25,22,23,20,22,1495,151,148,151,148,151,150,150,148,150,148,569,497,542,470,514,559,487,531,576,504,121,13,22,7,4,15,19,17,0,3,21,2581,263,330,192,278,291,165,253,303,245,261,19,23,1,21,17,25,22,20,5,3,49,93,68,86,80,51,65,76,86,73,-89.2832,-64.7684,-91.2955,-89.2698,-88.9662,-86.8727,-82.7138,0.0,-86.026,-85.0182,-84.7186,-66.945,-83.2799,-70.3418,-72.7355,-86.1643,-77.7311,-71.2318,-77.509,-81.5255
2,2,1500,10,10,0,1174,117,118,119,118,117,117,117,117,117,117,288,253,275,239,261,283,248,270,234,256,1321,132,133,131,132,133,133,131,132,132,132,278,242,265,287,251,273,237,260,282,246,166,0,0,0,0,55,0,15,0,0,96,868,6,6,84,80,189,71,140,27,126,139,0,0,0,0,6,0,2,0,0,5,48,46,7,3,104,8,88,2,94,56,0.0,0.0,0.0,0.0,-89.0339,0.0,-89.3149,0.0,0.0,-88.1676,-90.4608,-88.7012,-83.9315,-88.4963,-72.1063,-86.771,-73.7767,-90.1541,-84.9994,-83.0024
0,4,1500,20,20,1,486,48,48,49,49,49,49,48,49,48,49,44,48,42,46,40,43,47,41,45,48,968,96,97,97,97,96,97,97,97,97,97,84,92,80,87,95,83,90,78,86,93,440,44,48,42,43,40,42,47,41,45,48,840,80,92,80,86,95,83,90,78,63,93,48,29,49,20,49,46,48,49,48,49,96,94,96,95,92,97,95,97,97,94,-88.8968,-93.6442,-37.9213,-86.1033,-79.8255,-75.8013,-81.896,-87.2641,-88.4643,-91.1224,-88.7184,-90.3684,-80.5712,-87.4547,-89.5024,-89.6811,-69.2414,-62.482,-75.2488,-89.5198
0,3,1500,10,20,2,244,24,25,25,24,24,25,24,24,25,24,20,22,24,21,23,25,22,23,20,22,487,49,48,49,48,49,49,49,48,49,49,48,42,46,40,43,47,41,45,48,42,205,20,22,24,21,23,24,22,11,16,22,356,48,42,30,16,43,47,41,45,37,7,21,25,25,24,24,25,24,24,22,24,49,41,49,48,47,49,40,46,36,48,-89.2832,-64.7684,-91.2955,-89.2698,-88.9662,-86.8727,-82.7138,-92.3312,-86.026,-85.0182,-84.7186,-66.945,-83.2799,-70.3418,-72.7355,-86.1643,-77.7311,-71.2318,-77.509,-81.5255
1,1,1500,20,10,1,1422,142,142,143,142,143,142,141,143,141,143,175,190,166,181,157,172,187,163,178,192,966,96,97,96,96,96,97,97,97,97,97,84,92,80,87,95,83,90,78,86,93,646,21,14,92,44,48,115,103,86,83,40,433,30,47,70,32,38,22,71,46,53,24,93,96,113,39,93,108,92,107,46,44,81,7,88,12,42,34,63,95,78,82,-88.8968,-93.6442,-37.9213,-86.1033,-79.8255,-75.8013,-81.896,-87.2641,-88.4643,-91.1224,-88.7184,-90.3684,-80.5712,-87.4547,-89.5024,-89.6811,-69.2414,-62.482,-75.2488,-89.5198
0,1,1500,10,10,2,244,24,25,25,24,24,25,24,24,25,24,20,22,24,21,23,25,22,23,20,22,968,97,96,97,97,97,97,97,96,97,97,95,83,91,79,86,94,82,89,96,84,179,20,22,18,16,23,14,22,9,13,22,790,95,82,79,72,86,43,80,89,90,74,17,24,25,21,24,24,23,24,19,20,77,87,95,94,97,90,97,93,95,93,-89.2832,-64.7684,-91.2955,-89.2698,-88.9662,-86.8727,-82.7138,-92.3312,-86.026,-85.0182,-84.7186,-66.945,-83.2799,-70.3418,-72.7355,-86.1643,-77.7311,-71.2318,-77.509,-81.5255
2,2,1500,20,20,0,1142,113,116,117,116,114,114,113,113,113,113,576,505,549,478,522,566,495,539,467,512,1339,135,135,132,133,136,135,132,134,133,134,556,484,529,573,502,546,474,519,563,491,22,0,0,0,0,0,0,5,0,0,17,580,0,3,53,24,279,9,173,7,19,13,0,0,0,0,2,0,0,0,0,0,23,10,4,1,65,0,56,1,68,20,0.0,0.0,0.0,0.0,0.0,0.0,-89.3149,0.0,0.0,-88.1676,0.0,-88.7012,-83.9315,-88.4963,-72.1063,-86.771,-73.7767,-90.1541,-84.9994,-83.0024
0,2,1500,20,10,2,486,48,49,49,48,49,49,48,49,49,48,40,44,47,41,45,49,43,46,40,44,1864,187,185,187,186,187,187,187,186,186,186,285,249,271,235,257,280,244,266,288,252,297,40,40,25,5,45,41,42,8,9,42,2016,210,201,212,196,207,197,166,216,219,192,38,44,12,43,40,47,40,39,15,20,75,161,142,153,161,84,150,156,149,154,-89.2832,-64.7684,-91.2955,-89.2698,-88.9662,-86.8727,-82.7138,-92.3312,-86.026,-85.0182,-84.7186,-66.945,-83.2799,-70.3418,-72.7355,-86.1643,-77.7311,-71.2318,-77.509,-81.5255
1,2,1500,10,10,1,966,96,96,97,97,97,97,96,97,96,97,88,95,83,91,79,86,94,82,89,96,1772,176,177,177,177,177,178,178,178,177,177,252,275,239,261,283,247,270,234,256,278,524,25,9,55,69,63,54,71,43,69,66,1206,89,95,170,61,72,57,216,188,206,52,86,68,96,41,90,90,83,92,23,36,139,60,146,69,79,73,143,137,147,122,-88.8968,-93.6442,-37.9213,-86.1033,-79.8255,-75.8013,-81.896,-87.2641,-88.4643,-91.1224,-88.7184,-90.3684,-80.5712,-87.4547,-89.5024,-89.6811,-69.2414,-62.482,-75.2488,-89.5198
0,2,1500,20,10,0,484,48,49,49,49,49,48,48,48,48,48,48,43,46,40,44,48,42,45,39,43,1541,154,155,153,154,155,155,153,154,154,154,278,242,265,287,251,273,237,260,282,246,110,9,0,6,12,29,16,7,1,0,30,1120,43,70,108,126,209,104,161,58,79,162,21,40,49,1,1,1,0,2,11,8,84,104,52,49,119,56,119,37,119,105,-91.2821,0.0,-92.0966,-91.2197,-89.0339,-92.6968,-89.3149,-95.4987,0.0,-88.1676,-90.4608,-88.7012,-83.9315,-88.4963,-72.1063,-86.771,-73.7767,-90.1541,-84.9994,-83.0024
2,2,1500,20,20,2,1181,117,119,121,117,118,119,116,118,120,116,473,518,562,490,535,579,507,552,480,525,1366,138,135,138,135,138,137,137,135,137,136,569,497,542,470,514,559,487,531,576,504,371,1,312,0,0,2,26,14,0,2,14,2044,130,329,128,219,230,65,272,245,258,168,38,89,0,34,3,22,31,0,18,2,2,68,30,61,57,6,88,77,95,47,-89.2832,-64.7684,0.0,0.0,-88.9662,-86.8727,-82.7138,0.0,-86.026,-85.0182,-84.7186,-66.945,-83.2799,-70.3418,-72.7355,-86.1643,-77.7311,-71.2318,-77.509,-81.5255
0,3,1500,10,20,0,244,24,25,25,25,25,24,24,24,24,24,24,21,23,20,22,24,21,23,20,22,488,49,49,48,49,49,49,48,49,49,49,47,41,45,48,42,46,40,44,47,41,205,18,12,23,20,22,24,21,23,20,22,372,47,41,22,48,42,46,40,40,29,17,24,25,25,25,25,24,22,24,18,14,49,49,41,49,42,33,42,49,40,49,-91.2821,-93.582,-92.0966,-91.2197,-89.0339,-92.6968,-89.3149,-95.4987,-96.1721,-88.1676,-90.4608,-88.7012,-83.9315,-88.4963,-72.1063,-86.771,-73.7767,-90.1541,-84.9994,-83.0024
0,1,1500,10,10,0,244,24,25,25,25,25,24,24,24,24,24,24,21,23,20,22,24,21,23,20,22,968,97,97,96,97,97,97,96,97,97,97,93,81,89,96,84,91,79,87,94,82,89,5,0,4,4,21,3,17,5,8,22,701,62,59,71,90,82,82,73,46,70,66,15,25,25,4,2,3,1,3,11,3,84,81,56,75,86,53,89,60,86,96,-91.2821,0.0,-92.0966,-91.2197,-89.0339,-92.6968,-89.3149,-95.4987,-96.1721,-88.1676,-90.4608,-88.7012,-83.9315,-88.4963,-72.1063,-86.771,-73.7767,-90.1541,-84.9994,-83.0024
0,0,1500,10,10,1,245,24,24,25,25,25,24,24,25,24,25,22,24,21,23,20,22,24,21,23,24,244,24,24,24,24,24,25,25,25,25,24,21,23,20,22,24,21,23,20,22,24,182,21,24,21,12,20,22,24,21,13,4,146,7,21,18,14,11,1,23,20,22,9,20,13,25,17,25,24,20,23,11,19,22,19,24,5,11,16,17,25,24,24,-88.8968,-93.6442,-37.9213,-86.1033,-79.8255,-75.8013,-81.896,-87.2641,-88.4643,-91.1224,-88.7184,-90.3684,-80.5712,-87.4547,-89.5024,-89.6811,-69.2414,-62.482,-75.2488,-89.5198
0,4,1500,10,10,0,244,24,25,25,25,25,24,24,24,24,24,24,21,23,20,22,24,21,23,20,22,488,49,49,48,49,49,49,48,49,49,49,47,41,45,48,42,46,40,44,47,41,205,18,12,23,20,22,24,21,23,20,22,428,47,41,42,48,42,46,40,43,41,38,24,25,25,25,25,24,22,24,18,14,49,49,44,49,49,45,47,49,48,49,-91.2821,-93.582,-92.0966,-91.2197,-89.0339,-92.6968,-89.3149,-95.4987,-96.1721,-88.1676,-90.4608,-88.7012,-83.9315,-88.4963,-72.1063,-86.771,-73.7767,-90.1541,-84.9994,-83.0024
0,0,1500,20,20,2,485,48,49,49,48,49,49,48,48,49,48,40,44,47,41,45,49,43,46,40,44,483,49,48,49,48,49,48,48,48,48,48,48,42,46,40,43,47,41,45,48,42,253,39,35,14,3,42,41,40,0,2,37,263,48,42,22,18,16,26,41,12,25,13,43,46,39,43,3,47,30,38,2,16,3,43,41,39,39,2,44,36,43,38,-89.2832,-64.7684,-91.2955,-89.2698,-88.9662,-86.8727,-82.7138,0.0,-86.026,-85.0182,-84.7186,-66.945,-83.2799,-70.3418,-72.7355,-86.1643,-77.7311,-71.2318,-77.509,-81.5255
1,1,1500,10,20,0,934,93,94,94,94,94,93,93,93,93,93,96,85,92,80,87,95,83,90,78,86,1175,118,118,117,117,118,118,117,117,117,118,186,162,177,191,167,182,158,173,188,164,72,2,2,0,15,8,13,7,0,0,25,579,6,28,57,52,95,61,91,25,83,81,22,72,76,3,1,3,1,0,0,13,66,63,10,8,79,6,80,4,89,71,-91.2821,-93.582,0.0,-91.2197,-89.0339,-92.6968,-89.3149,0.0,0.0,-88.1676,-90.4608,-88.7012,-83.9315,-88.4963,-72.1063,-86.771,-73.7767,-90.1541,-84.9994,-83.0024
0,5,1500,10,10,1,246,24,24,25,25,25,25,24,25,24,25,22,24,21,23,20,22,24,21,23,24,969,96,97,97,97,97,97,97,97,97,97,84,92,80,87,95,83,90,78,86,93,224,22,24,21,23,20,22,24,21,23,24,865,84,92,80,87,95,83,90,78,83,93,24,17,25,25,25,25,24,25,24,25,96,97,97,97,97,97,97,97,97,97,-88.8968,-93.6442,-37.9213,-86.1033,-79.8255,-75.8013,-81.896,-87.2641,-88.4643,-91.1224,-88.7184,-90.3684,-80.5712,-87.4547,-89.5024,-89.6811,-69.2414,-62.482,-75.2488,-89.5198
2,2,1500,10,10,1,1486,148,148,150,149,150,148,148,149,147,149,263,285,249,271,235,258,280,244,266,288,1567,156,157,156,156,156,157,158,158,157,156,252,275,239,261,283,247,270,234,256,278,818,49,0,151,60,123,187,140,70,38,0,1056,61,104,178,46,19,26,216,189,204,13,93,0,127,44,103,130,121,124,20,0,118,7,116,15,40,38,125,122,136,91,-88.8968,0.0,-37.9213,-86.1033,-79.8255,-75.8013,-81.896,-87.2641,-88.4643,0.0,-88.7184,-90.3684,-80.5712,-87.4547,-89.5024,-89.6811,-69.2414,-62.482,-75.2488,-89.5198
1,2,1500,20,20,0,938,93,94,95,95,94,94,93,93,93,94,192,169,183,159,174,189,165,180,156,171,1318,133,133,129,131,134,133,130,132,131,132,556,484,529,573,502,546,474,519,563,491,36,5,0,0,5,3,1,2,0,0,20,752,0,16,53,29,316,35,200,5,11,87,5,56,60,1,0,0,3,0,0,2,29,35,6,8,86,6,67,3,77,39,-91.2821,0.0,0.0,-91.2197,-89.0339,-92.6968,-89.3149,0.0,0.0,-88.1676,0.0,-88.7012,-83.9315,-88.4963,-72.1063,-86.771,-73.7767,-90.1541,-84.9994,-83.0024
0,2,1500,10,20,1,245,24,24,25,25,25,24,24,25,24,25,22,24,21,23,20,22,24,21,23,24,1761,174,176,176,175,175,177,178,178,176,176,504,549,477,522,566,494,539,467,511,556,120,5,3,21,18,20,22,12,9,7,3,994,11,23,79,24,47,10,296,236,237,31,20,11,25,8,11,24,22,21,4,5,81,58,88,65,63,66,103,109,106,87,-88.8968,-93.6442,-37.9213,-86.1033,-79.8255,-75.8013,-81.896,-87.2641,-88.4643,-91.1224,-88.7184,-90.3684,-80.5712,-87.4547,-89.5024,-89.6811,-69.2414,-62.482,-75.2488,-89.5198
1,2,1500,20,20,2,1251,125,126,126,125,125,125,124,125,126,124,158,173,188,164,179,193,169,184,160,175,1397,141,138,141,139,141,140,140,138,140,139,569,497,542,470,514,559,487,531,576,504,247,9,100,8,21,2,30,35,0,21,21,2159,184,333,128,272,257,108,209,271,198,199,84,95,3,77,30,61,43,68,27,7,5,82,53,66,64,10,77,76,82,64,-89.2832,-64.7684,-91.2955,-89.2698,-88.9662,-86.8727,-82.7138,0.0,-86.026,-85.0182,-84.7186,-66.945,-83.2799,-70.3418,-72.7355,-86.1643,-77.7311,-71.2318,-77.509,-81.5255
1,1,1500,10,20,2,965,96,97,97,96,97,97,96,96,97,96,79,87,94,82,90,97,85,92,80,88,1460,146,145,146,146,147,146,146,146,146,146,190,166,181,157,172,187,163,177,192,168,325,9,80,12,7,18,58,59,9,30,43,954,93,97,97,70,91,66,107,112,119,102,71,91,9,69,48,82,64,81,41,20,35,115,100,92,106,50,114,106,125,117,-89.2832,-64.7684,-91.2955,-89.2698,-88.9662,-86.8727,-82.7138,-92.3312,-86.026,-85.0182,-84.7186,-66.945,-83.2799,-70.3418,-72.7355,-86.1643,-77.7311,-71.2318,-77.509,-81.5255
0,1,1500,20,20,1,486,48,48,49,49,49,49,48,49,48,49,44,48,42,46,40,43,47,41,45,48,1513,151,151,151,151,151,152,152,152,151,151,168,183,159,174,189,165,180,156,171,186,318,39,8,42,25,20,18,47,41,43,35,739,53,48,73,87,67,44,109,92,123,43,42,31,23,21,43,41,46,49,23,23,119,64,112,67,75,69,119,114,115,107,-88.8968,-93.6442,-37.9213,-86.1033,-79.8255,-75.8013,-81.896,-87.2641,-88.4643,-91.1224,-88.7184,-90.3684,-80.5712,-87.4547,-89.5024,-89.6811,-69.2414,-62.482,-75.2488,-89.5198
0,3,1500,20,10,1,486,48,48,49,49,49,49,48,49,48,49,44,48,42,46,40,43,47,41,45,48,245,24,25,24,24,24,25,25,25,25,24,21,23,20,22,24,21,23,20,22,24,440,44,48,42,43,40,42,47,41,45,48,194,4,23,20,22,24,21,23,20,22,15,48,29,49,20,49,46,48,49,48,49,24,24,24,23,24,25,22,25,25,24,-88.8968,-93.6442,-37.9213,-86.1033,-79.8255,-75.8013,-81.896,-87.2641,-88.4643,-91.1224,-88.7184,-90.3684,-80.5712,-87.4547,-89.5024,-89.6811,-69.2414,-62.482,-75.2488,-89.5198
0,4,1500,10,10,2,244,24,25,25,24,24,25,24,24,25,24,20,22,24,21,23,25,22,23,20,22,488,49,48,49,49,49,49,49,48,49,49,48,42,46,40,43,47,41,45,48,42,205,20,22,24,21,23,24,22,11,16,22,442,48,42,46,40,43,47,41,45,48,42,21,25,25,24,24,25,24,24,22,24,49,48,49,48,49,49,49,48,49,49,-89.2832,-64.7684,-91.2955,-89.2698,-88.9662,-86.8727,-82.7138,-92.3312,-86.026,-85.0182,-84.7186,-66.945,-83.2799,-70.3418,-72.7355,-86.1643,-77.7311,-71.2318,-77.509,-81.5255
0,0,1500,20,20,0,485,48,49,49,49,49,49,48,48,48,48,48,43,46,40,44,48,42,45,39,43,486,49,49,48,48,49,49,48,49,48,49,47,41,45,48,42,46,40,44,47,41,114,0,0,14,5,41,15,3,2,0,34,185,27,21,3,16,26,29,40,5,13,5,24,42,49,30,0,0,4,11,0,1,42,48,16,2,33,4,26,1,40,20,0.0,0.0,-92.0966,-91.2197,-89.0339,-92.6968,-89.3149,-95.4987,0.0,-88.1676,-90.4608,-88.7012,-83.9315,-88.4963,-72.1063,-86.771,-73.7767,-90.1541,-84.9994,-83.0024
1,2,1500,10,10,2,966,96,97,97,96,97,97,96,97,97,96,79,87,94,82,90,97,85,92,80,88,1863,187,185,187,186,187,187,186,186,186,186,285,249,271,235,257,280,244,266,288,252,398,30,84,23,17,16,58,49,19,50,52,2025,224,211,205,195,196,218,171,209,217,179,76,92,9,84,85,90,72,91,57,19,70,162,130,156,150,82,148,150,159,140,-89.2832,-64.7684,-91.2955,-89.2698,-88.9662,-86.8727,-82.7138,-92.3312,-86.026,-85.0182,-84.7186,-66.945,-83.2799,-70.3418,-72.7355,-86.1643,-77.7311,-71.2318,-77.509,-81.5255
0,2,1500,20,10,1,486,48,48,49,49,49,49,48,49,48,49,44,48,42,46,40,43,47,41,45,48,1857,185,186,185,185,185,186,187,187,186,185,252,275,239,261,283,247,270,234,256,278,326,43,26,42,26,23,20,40,35,31,40,1332,90,102,170,81,107,79,212,198,201,92,43,20,35,36,48,45,48,30,24,17,151,86,156,88,105,92,153,146,147,130,-88.8968,-93.6442,-37.9213,-86.1033,-79.8255,-75.8013,-81.896,-87.2641,-88.4643,-91.1224,-88.7184,-90.3684,-80.5712,-87.4547,-89.5024,-89.6811,-69.2414,-62.482,-75.2488,-89.5198
0,4,1500,20,20,2,486,48,49,49,48,49,49,48,49,49,48,40,44,47,41,45,49,43,46,40,44,968,97,96,97,97,97,97,97,96,97,97,95,83,91,79,86,94,82,89,96,84,410,40,44,45,38,45,44,43,27,40,44,820,95,83,91,78,86,44,82,89,92,80,45,48,49,48,49,49,47,48,19,46,97,95,97,93,97,97,97,94,97,97,-89.2832,-64.7684,-91.2955,-89.2698,-88.9662,-86.8727,-82.7138,-92.3312,-86.026,-85.0182,-84.7186,-66.945,-83.2799,-70.3418,-72.7355,-86.1643,-77.7311,-71.2318,-77.509,-81.5255
0,0,1500,10,10,0,244,24,25,25,25,25,24,24,24,24,24,24,21,23,20,22,24,21,23,20,22,244,25,25,24,24,25,25,24,24,24,24,24,21,22,24,21,23,20,22,24,21,124,0,0,4,0,22,21,21,14,20,22,114,9,6,4,4,10,13,20,16,15,17,18,25,25,10,0,0,7,15,0,0,23,25,4,0,21,6,16,1,17,6,0.0,0.0,-92.0966,0.0,-89.0339,-92.6968,-89.3149,-95.4987,-96.1721,-88.1676,-90.4608,-88.7012,-83.9315,-88.4963,-72.1063,-86.771,-73.7767,-90.1541,-84.9994,-83.0024
0,1,1500,10,10,1,246,24,24,25,25,25,25,24,25,24,25,22,24,21,23,20,22,24,21,23,24,966,96,97,96,96,96,97,97,97,97,97,84,92,80,87,95,83,90,78,86,93,220,22,23,21,23,20,22,24,21,23,21,706,65,74,76,83,61,56,90,76,44,81,21,13,25,20,25,25,22,25,22,20,96,82,94,89,90,76,84,96,83,93,-88.8968,-93.6442,-37.9213,-86.1033,-79.8255,-75.8013,-81.896,-87.2641,-88.4643,-91.1224,-88.7184,-90.3684,-80.5712,-87.4547,-89.5024,-89.6811,-69.2414,-62.482,-75.2488,-89.5198
1,1,1500,20,10,2,1385,138,139,140,138,138,139,138,138,139,138,158,173,188,164,179,193,169,184,160,175,967,97,96,97,96,97,97,97,96,97,97,95,83,91,79,86,94,82,89,96,84,425,28,117,46,33,28,52,61,2,30,28,534,61,59,56,36,73,26,54,62,74,33,81,96,40,91,48,93,89,82,52,37,27,87,55,59,72,36,82,72,87,72,-89.2832,-64.7684,-91.2955,-89.2698,-88.9662,-86.8727,-82.7138,-92.3312,-86.026,-85.0182,-84.7186,-66.945,-83.2799,-70.3418,-72.7355,-86.1643,-77.7311,-71.2318,-77.509,-81.5255
0,3,1500,10,20,1,246,24,24,25,25,25,25,24,25,24,25,22,24,21,23,20,22,24,21,23,24,487,48,49,49,48,48,49,49,49,49,49,42,46,40,44,48,42,45,39,43,47,224,22,24,21,23,20,22,24,21,23,24,391,14,46,40,44,47,40,45,39,43,33,24,17,25,25,25,25,24,25,24,25,46,49,48,44,48,49,43,49,49,49,-88.8968,-93.6442,-37.9213,-86.1033,-79.8255,-75.8013,-81.896,-87.2641,-88.4643,-91.1224,-88.7184,-90.3684,-80.5712,-87.4547,-89.5024,-89.6811,-69.2414,-62.482,-75.2488,-89.5198
1,1,1500,20,10,0,961,95,97,97,97,96,96,96,95,96,96,192,169,183,159,174,189,165,180,156,171,966,97,97,96,96,97,97,96,97,96,97,93,81,89,96,84,91,79,87,94,82,96,13,0,0,11,10,9,11,0,0,42,333,16,20,41,40,65,30,38,15,34,34,14,57,56,7,13,10,9,0,0,15,69,49,6,11,66,4,70,15,72,81,-91.2821,0.0,0.0,-91.2197,-89.0339,-92.6968,-89.3149,0.0,0.0,-88.1676,-90.4608,-88.7012,-83.9315,-88.4963,-72.1063,-86.771,-73.7767,-90.1541,-84.9994,-83.0024
0,4,1500,20,20,0,486,48,49,49,49,49,49,48,48,48,49,48,43,46,40,44,48,42,45,39,43,968,97,97,96,97,97,97,96,97,97,97,93,81,89,96,84,91,79,87,94,82,319,22,7,43,33,44,48,42,21,16,43,844,90,75,86,96,84,91,79,85,85,73,38,49,49,49,49,49,31,33,18,44,97,97,88,97,96,92,96,97,94,97,-91.2821,-93.582,-92.0966,-91.2197,-89.0339,-92.6968,-89.3149,-95.4987,-96.1721,-88.1676,-90.4608,-88.7012,-83.9315,-88.4963,-72.1063,-86.771,-73.7767,-90.1541,-84.9994,-83.0024
0,0,1500,10,10,2,244,24,25,25,24,24,25,24,24,25,24,20,22,24,21,23,25,22,23,20,22,244,25,24,25,24,25,25,24,24,24,24,24,21,23,20,22,24,21,23,24,21,148,20,22,24,0,23,12,22,0,5,20,164,24,21,19,20,22,15,21,5,12,5,23,24,25,21,0,25,20,19,1,15,8,23,23,20,20,8,22,20,24,18,-89.2832,-64.7684,-91.2955,0.0,-88.9662,-86.8727,-82.7138,0.0,-86.026,-85.0182,-84.7186,-66.945,-83.2799,-70.3418,-72.7355,-86.1643,-77.7311,-71.2318,-77.509,-81.5255
1,2,1500,10,10,0,939,93,94,94,94,94,94,94,94,94,94,96,85,92,80,87,95,83,90,78,86,1429,143,144,142,143,144,143,142,143,142,143,278,242,265,287,251,273,237,260,282,246,128,13,0,3,20,22,4,16,0,0,50,908,7,37,92,83,193,93,159,16,65,163,26,69,78,2,3,1,1,0,0,3,73,76,12,12,114,13,96,13,118,92,-91.2821,0.0,-92.0966,-91.2197,-89.0339,-92.6968,-89.3149,0.0,0.0,-88.1676,-90.4608,-88.7012,-83.9315,-88.4963,-72.1063,-86.771,-73.7767,-90.1541,-84.9994,-83.0024
2,2,1500,20,20,1,1313,129,130,134,132,134,131,129,133,129,132,525,569,498,542,470,515,559,487,532,576,1376,136,137,137,137,137,138,140,140,137,137,504,549,477,522,566,494,539,467,511,556,602,1,0,258,6,53,215,44,17,8,0,1030,4,9,125,11,11,0,307,279,277,7,27,0,83,7,39,77,67,37,4,0,56,2,68,1,7,3,73,78,87,27,-88.8968,0.0,-37.9213,-86.1033,-79.8255,-75.8013,-81.896,-87.2641,-88.4643,0.0,-88.7184,-90.3684,-80.5712,-87.4547,-89.5024,0.0,-69.2414,-62.482,-75.2488,-89.5198
1,2,1500,20,10,0,940,93,94,95,95,94,94,94,93,94,94,192,169,183,159,174,189,165,180,156,171,1335,134,134,132,133,135,134,132,134,133,134,278,242,265,287,251,273,237,260,282,246,80,16,0,4,7,9,1,9,0,0,34,769,6,24,67,63,203,73,139,13,52,129,21,54,56,2,3,1,0,0,0,5,56,59,14,11,112,13,78,10,97,71,-91.2821,0.0,-92.0966,-91.2197,-89.0339,-92.6968,-89.3149,0.0,0.0,-88.1676,-90.4608,-88.7012,-83.9315,-88.4963,-72.1063,-86.771,-73.7767,-90.1541,-84.9994,-83.0024
2,2,1500,10,20,1,1383,137,137,140,139,140,138,137,139,137,139,263,285,249,271,235,258,280,244,266,288,1465,145,146,146,146,146,147,148,149,146,146,504,549,477,522,566,494,539,467,511,556,648,14,0,158,43,113,153,118,24,25,0,1026,6,12,117,23,20,3,283,269,281,12,85,0,107,6,58,113,120,102,16,0,62,3,83,4,18,14,75,84,83,51,-88.8968,0.0,-37.9213,-86.1033,-79.8255,-75.8013,-81.896,-87.2641,-88.4643,0.0,-88.7184,-90.3684,-80.5712,-87.4547,-89.5024,-89.6811,-69.2414,-62.482,-75.2488,-89.5198
1,1,1500,10,10,0,956,95,96,96,96,96,96,95,95,95,96,96,85,92,80,87,95,83,90,78,86,966,97,97,96,96,97,97,96,97,96,97,93,81,89,96,84,91,79,87,94,82,150,10,4,14,23,16,30,18,0,0,35,420,4,14,49,68,62,40,52,19,49,63,35,75,82,26,24,22,22,0,0,14,87,87,2,5,69,28,74,16,84,88,-91.2821,-93.582,-92.0966,-91.2197,-89.0339,-92.6968,-89.3149,0.0,0.0,-88.1676,-90.4608,-88.7012,-83.9315,-88.4963,-72.1063,-86.771,-73.7767,-90.1541,-84.9994,-83.0024
0,4,1500,10,20,0,244,24,25,25,25,25,24,24,24,24,24,24,21,23,20,22,24,21,23,20,22,968,97,97,96,97,97,97,96,97,97,97,93,81,89,96,84,91,79,87,94,82,205,18,12,23,20,22,24,21,23,20,22,844,90,75,86,96,84,91,79,85,85,73,24,25,25,25,25,24,22,24,18,14,97,97,88,97,96,92,96,97,94,97,-91.2821,-93.582,-92.0966,-91.2197,-89.0339,-92.6968,-89.3149,-95.4987,-96.1721,-88.1676,-90.4608,-88.7012,-83.9315,-88.4963,-72.1063,-86.771,-73.7767,-90.1541,-84.9994,-83.0024
0,0,1500,20,10,2,485,48,49,49,48,49,49,48,48,49,48,40,44,47,41,45,49,43,46,40,44,243,25,24,25,24,25,24,24,24,24,24,24,21,23,20,22,24,21,23,24,21,321,40,42,25,16,45,41,41,14,17,40,174,23,21,15,19,21,21,21,14,13,6,42,49,43,44,21,49,40,45,13,30,4,22,23,19,19,0,20,20,19,16,-89.2832,-64.7684,-91.2955,-89.2698,-88.9662,-86.8727,-82.7138,-92.3312,-86.026,-85.0182,-84.7186,-66.945,-83.2799,-70.3418,-72.7355,-86.1643,-77.7311,-71.2318,-77.509,-81.5255
0,4,1500,10,20,2,244,24,25,25,24,24,25,24,24,25,24,20,22,24,21,23,25,22,23,20,22,968,97,96,97,97,97,97,97,96,97,97,95,83,91,79,86,94,82,89,96,84,205,20,22,24,21,23,24,22,11,16,22,820,95,83,91,78,86,44,82,89,92,80,21,25,25,24,24,25,24,24,22,24,97,95,97,93,97,97,97,94,97,97,-89.2832,-64.7684,-91.2955,-89.2698,-88.9662,-86.8727,-82.7138,-92.3312,-86.026,-85.0182,-84.7186,-66.945,-83.2799,-70.3418,-72.7355,-86.1643,-77.7311,-71.2318,-77.509,-81.5255
0,0,1500,20,10,0,485,48,49,49,49,49,49,48,48,48,48,48,43,46,40,44,48,42,45,39,43,244,25,25,24,24,25,25,24,24,24,24,24,21,22,24,21,23,20,22,24,21,201,10,5,25,15,40,26,24,12,8,36,131,9,20,5,7,10,17,18,13,19,13,26,48,49,34,19,24,14,18,9,19,20,20,14,4,15,6,16,2,21,10,-91.2821,-93.582,-92.0966,-91.2197,-89.0339,-92.6968,-89.3149,-95.4987,-96.1721,-88.1676,-90.4608,-88.7012,-83.9315,-88.4963,-72.1063,-86.771,-73.7767,-90.1541,-84.9994,-83.0024
1,1,1500,10,10,2,965,96,97,97,96,97,97,96,96,97,96,79,87,94,82,90,97,85,92,80,88,968,97,96,97,97,97,97,97,96,97,97,95,83,91,79,86,94,82,89,96,84,493,45,86,70,35,12,71,72,34,35,33,654,87,74,68,45,80,32,71,65,77,55,76,95,85,74,78,93,76,87,24,74,49,90,81,68,88,66,93,91,93,91,-89.2832,-64.7684,-91.2955,-89.2698,-88.9662,-86.8727,-82.7138,-92.3312,-86.026,-85.0182,-84.7186,-66.945,-83.2799,-70.3418,-72.7355,-86.1643,-77.7311,-71.2318,-77.509,-81.5255
0,1,1500,20,10,1,486,48,48,49,49,49,49,48,49,48,49,44,48,42,46,40,43,47,41,45,48,966,96,97,96,96,96,97,97,97,97,97,84,92,80,87,95,83,90,78,86,93,353,43,38,42,25,17,19,47,41,44,37,595,55,46,71,74,49,38,86,69,51,56,43,38,38,26,46,46,47,49,40,14,94,53,96,71,72,47,59,96,88,95,-88.8968,-93.6442,-37.9213,-86.1033,-79.8255,-75.8013,-81.896,-87.2641,-88.4643,-91.1224,-88.7184,-90.3684,-80.5712,-87.4547,-89.5024,-89.6811,-69.2414,-62.482,-75.2488,-89.5198
0,3,1500,20,20,1,486,48,48,49,49,49,49,48,49,48,49,44,48,42,46,40,43,47,41,45,48,487,48,49,49,48,48,49,49,49,49,49,42,46,40,44,48,42,45,39,43,47,440,44,48,42,43,40,42,47,41,45,48,391,14,46,40,44,47,40,45,39,43,33,48,29,49,20,49,46,48,49,48,49,46,49,48,44,48,49,43,49,49,49,-88.8968,-93.6442,-37.9213,-86.1033,-79.8255,-75.8013,-81.896,-87.2641,-88.4643,-91.1224,-88.7184,-90.3684,-80.5712,-87.4547,-89.5024,-89.6811,-69.2414,-62.482,-75.2488,-89.5198
0,2,1500,10,10,1,246,24,24,25,25,25,25,24,25,24,25,22,24,21,23,20,22,24,21,23,24,2041,203,204,204,204,204,204,205,205,204,204,252,275,239,261,283,247,270,234,256,278,194,22,16,21,22,20,22,17,19,21,14,1486,101,129,174,116,163,95,205,185,204,114,20,15,25,20,23,25,21,19,18,14,162,119,166,124,137,134,171,170,173,149,-88.8968,-93.6442,-37.9213,-86.1033,-79.8255,-75.8013,-81.896,-87.2641,-88.4643,-91.1224,-88.7184,-90.3684,-80.5712,-87.4547,-89.5024,-89.6811,-69.2414,-62.482,-75.2488,-89.5198
1,2,1500,20,10,2,1363,136,137,137,136,136,137,136,136,137,135,158,173,188,164,179,193,169,184,160,175,1679,169,167,169,167,169,168,168,167,168,167,285,249,271,235,257,280,244,266,288,252,376,26,109,29,47,27,37,42,9,33,17,1855,176,197,185,192,208,168,170,206,191,162,86,102,6,78,54,73,69,85,65,19,29,135,101,134,133,29,141,135,143,121,-89.2832,-64.7684,-91.2955,-89.2698,-88.9662,-86.8727,-82.7138,-92.3312,-86.026,-85.0182,-84.7186,-66.945,-83.2799,-70.3418,-72.7355,-86.1643,-77.7311,-71.2318,-77.509,-81.5255
0,1,1500,10,20,1,245,24,24,25,25,25,24,24,25,24,25,22,24,21,23,20,22,24,21,23,24,1649,164,165,165,165,164,165,165,166,165,165,168,183,159,174,189,165,180,156,171,186,194,22,7,21,23,20,22,23,21,23,12,817,52,84,74,92,86,63,108,95,115,48,20,13,25,18,25,24,24,25,13,19,131,93,142,94,107,103,125,142,124,126,-88.8968,-93.6442,-37.9213,-86.1033,-79.8255,-75.8013,-81.896,-87.2641,-88.4643,-91.1224,-88.7184,-90.3684,-80.5712,-87.4547,-89.5024,-89.6811,-69.2414,-62.482,-75.2488,-89.5198
1,1,1500,20,20,2,1247,124,125,126,124,125,125,124,125,125,124,158,173,188,164,179,193,169,184,160,175,1328,133,132,133,133,133,133,133,132,133,133,190,166,181,157,172,187,163,177,192,168,279,13,100,18,8,15,27,46,1,35,16,848,75,96,94,71,82,47,114,75,123,71,68,85,7,73,17,69,65,73,27,8,14,103,66,72,75,19,102,104,107,97,-89.2832,-64.7684,-91.2955,-89.2698,-88.9662,-86.8727,-82.7138,-92.3312,-86.026,-85.0182,-84.7186,-66.945,-83.2799,-70.3418,-72.7355,-86.1643,-77.7311,-71.2318,-77.509,-81.5255
0,3,1500,10,10,1,246,24,24,25,25,25,25,24,25,24,25,22,24,21,23,20,22,24,21,23,24,245,24,25,24,24,24,25,25,25,25,24,21,23,20,22,24,21,23,20,22,24,224,22,24,21,23,20,22,24,21,23,24,194,4,23,20,22,24,21,23,20,22,15,24,17,25,25,25,25,24,25,24,25,24,24,24,23,24,25,22,25,25,24,-88.8968,-93.6442,-37.9213,-86.1033,-79.8255,-75.8013,-81.896,-87.2641,-88.4643,-91.1224,-88.7184,-90.3684,-80.5712,-87.4547,-89.5024,-89.6811,-69.2414,-62.482,-75.2488,-89.5198
0,4,1500,20,10,2,486,48,49,49,48,49,49,48,49,49,48,40,44,47,41,45,49,43,46,40,44,488,49,48,49,49,49,49,49,48,49,49,48,42,46,40,43,47,41,45,48,42,410,40,44,45,38,45,44,43,27,40,44,442,48,42,46,40,43,47,41,45,48,42,45,48,49,48,49,49,47,48,19,46,49,48,49,48,49,49,49,48,49,49,-89.2832,-64.7684,-91.2955,-89.2698,-88.9662,-86.8727,-82.7138,-92.3312,-86.026,-85.0182,-84.7186,-66.945,-83.2799,-70.3418,-72.7355,-86.1643,-77.7311,-71.2318,-77.509,-81.5255
0,0,1500,10,20,0,244,24,25,25,25,25,24,24,24,24,24,24,21,23,20,22,24,21,23,20,22,485,49,49,48,48,49,49,48,48,48,49,47,41,45,48,42,46,40,44,47,41,103,0,0,4,2,22,14,17,10,12,22,299,38,35,17,33,29,41,38,27,24,17,18,24,25,12,0,0,4,12,0,0,40,47,24,22,36,11,32,24,42,36,0.0,0.0,-92.0966,-91.2197,-89.0339,-92.6968,-89.3149,-95.4987,-96.1721,-88.1676,-90.4608,-88.7012,-83.9315,-88.4963,-72.1063,-86.771,-73.7767,-90.1541,-84.9994,-83.0024
1,2,1500,10,20,2,966,96,97,97,96,97,97,96,97,97,96,79,87,94,82,90,97,85,92,80,88,1413,142,139,143,140,143,142,142,140,142,140,569,497,542,470,514,559,487,531,576,504,305,13,77,9,9,10,46,59,4,29,49,2405,225,339,166,274,278,135,227,282,234,245,73,91,1,71,57,79,52,86,23,12,29,80,56,75,68,30,75,70,84,62,-89.2832,-64.7684,-91.2955,-89.2698,-88.9662,-86.8727,-82.7138,-92.3312,-86.026,-85.0182,-84.7186,-66.945,-83.2799,-70.3418,-72.7355,-86.1643,-77.7311,-71.2318,-77.509,-81.5255
0,2,1500,20,20,1,486,48,48,49,49,49,49,48,49,48,49,44,48,42,46,40,43,47,41,45,48,1635,162,163,163,163,163,164,165,166,163,163,504,549,477,522,566,494,539,467,511,556,172,9,6,42,11,21,22,27,13,10,11,986,3,16,73,27,39,5,291,261,244,27,36,32,19,8,18,40,41,44,7,7,77,37,89,36,36,48,93,108,89,71,-88.8968,-93.6442,-37.9213,-86.1033,-79.8255,-75.8013,-81.896,-87.2641,-88.4643,-91.1224,-88.7184,-90.3684,-80.5712,-87.4547,-89.5024,-89.6811,-69.2414,-62.482,-75.2488,-89.5198
2,2,1500,20,10,1,1302,128,129,133,131,133,130,128,132,127,131,525,569,498,542,470,515,559,487,532,576,1472,146,147,147,147,147,148,148,148,147,147,252,275,239,261,283,247,270,234,256,278,738,4,0,278,14,86,257,55,33,11,0,887,21,37,176,25,21,11,189,197,201,9,37,0,86,6,43,74,76,50,9,0,110,2,112,6,23,7,108,122,122,62,-88.8968,0.0,-37.9213,-86.1033,-79.8255,-75.8013,-81.896,-87.2641,-88.4643,0.0,-88.7184,-90.3684,-80.5712,-87.4547,-89.5024,-89.6811,-69.2414,-62.482,-75.2488,-89.5198
1,2,1500,10,20,0,916,91,92,92,92,92,92,91,91,91,92,96,85,92,80,87,95,83,90,78,86,1293,130,131,127,129,132,130,127,129,129,129,556,484,529,573,502,546,474,519,563,491,53,3,0,1,8,8,0,14,0,0,19,802,1,22,65,36,306,41,200,7,24,100,11,73,73,2,0,3,0,0,0,1,29,44,7,3,81,6,64,5,60,47,-91.2821,0.0,-92.0966,-91.2197,-89.0339,0.0,-89.3149,0.0,0.0,-88.1676,-90.4608,-88.7012,-83.9315,-88.4963,-72.1063,-86.771,-73.7767,-90.1541,-84.9994,-83.0024
0,4,1500,20,10,0,486,48,49,49,49,49,49,48,48,48,49,48,43,46,40,44,48,42,45,39,43,488,49,49,48,49,49,49,48,49,49,49,47,41,45,48,42,46,40,44,47,41,319,22,7,43,33,44,48,42,21,16,43,428,47,41,42,48,42,46,40,43,41,38,38,49,49,49,49,49,31,33,18,44,49,49,44,49,49,45,47,49,48,49,-91.2821,-93.582,-92.0966,-91.2197,-89.0339,-92.6968,-89.3149,-95.4987,-96.1721,-88.1676,-90.4608,-88.7012,-83.9315,-88.4963,-72.1063,-86.771,-73.7767,-90.1541,-84.9994,-83.0024
0,0,1500,10,20,2,244,24,25,25,24,24,25,24,24,25,24,20,22,24,21,23,25,22,23,20,22,484,49,48,49,48,49,49,48,48,48,48,48,42,46,40,43,47,41,45,48,42,151,20,21,24,11,21,15,12,2,3,22,337,48,42,22,15,27,46,41,45,35,16,24,25,25,22,4,23,20,20,7,14,32,43,44,43,33,27,36,42,45,39,-89.2832,-64.7684,-91.2955,-89.2698,-88.9662,-86.8727,-82.7138,-92.3312,-86.026,-85.0182,-84.7186,-66.945,-83.2799,-70.3418,-72.7355,-86.1643,-77.7311,-71.2318,-77.509,-81.5255
1,1,1500,20,20,0,942,93,95,95,95,94,94,94,94,94,94,192,169,183,159,174,189,165,180,156,171,1155,116,116,115,115,116,116,115,115,115,116,186,162,177,191,167,182,158,173,188,164,56,3,0,3,2,8,2,4,0,0,34,493,8,24,54,45,87,52,79,26,57,61,8,54,49,6,4,0,0,0,0,7,48,50,7,7,73,5,68,4,90,46,-91.2821,0.0,-92.0966,-91.2197,-89.0339,-92.6968,-89.3149,0.0,0.0,-88.1676,-90.4608,-88.7012,-83.9315,-88.4963,-72.1063,-86.771,-73.7767,-90.1541,-84.9994,-83.0024
0,3,1500,20,20,0,486,48,49,49,49,49,49,48,48,48,49,48,43,46,40,44,48,42,45,39,43,488,49,49,48,49,49,49,48,49,49,49,47,41,45,48,42,46,40,44,47,41,319,22,7,43,33,44,48,42,21,16,43,372,47,41,22,48,42,46,40,40,29,17,38,49,49,49,49,49,31,33,18,44,49,49,41,49,42,33,42,49,40,49,-91.2821,-93.582,-92.0966,-91.2197,-89.0339,-92.6968,-89.3149,-95.4987,-96.1721,-88.1676,-90.4608,-88.7012,-83.9315,-88.4963,-72.1063,-86.771,-73.7767,-90.1541,-84.9994,-83.0024
0,1,1500,20,10,0,485,48,49,49,49,49,49,48,48,48,48,48,43,46,40,44,48,42,45,39,43,967,97,97,96,97,97,97,96,97,96,97,93,81,89,96,84,91,79,87,94,82,108,11,1,5,14,35,6,1,2,1,32,538,43,43,55,75,79,41,63,16,69,54,30,43,49,7,0,3,3,5,17,6,67,72,41,44,87,23,72,46,83,95,-91.2821,-93.582,-92.0966,-91.2197,-89.0339,-92.6968,-89.3149,-95.4987,-96.1721,-88.1676,-90.4608,-88.7012,-83.9315,-88.4963,-72.1063,-86.771,-73.7767,-90.1541,-84.9994,-83.0024
0,0,1500,20,10,1,485,48,48,49,49,49,48,48,49,48,49,44,48,42,46,40,43,47,41,45,48,244,24,24,24,24,24,25,25,25,25,24,21,23,20,22,24,21,23,20,22,24,378,43,48,42,25,32,32,46,41,42,27,163,7,22,17,21,21,2,21,20,22,10,42,28,49,12,49,36,45,48,25,48,23,17,22,0,13,11,21,21,24,22,-88.8968,-93.6442,-37.9213,-86.1033,-79.8255,-75.8013,-81.896,-87.2641,-88.4643,-91.1224,-88.7184,-90.3684,-80.5712,-87.4547,-89.5024,-89.6811,-69.2414,-62.482,-75.2488,-89.5198
0,2,1500,10,10,0,244,24,25,25,25,25,24,24,24,24,24,24,21,23,20,22,24,21,23,20,22,1806,181,181,179,180,182,181,180,181,180,181,278,242,265,287,251,273,237,260,282,246,87,8,0,3,3,20,10,17,1,3,22,1351,76,97,117,148,211,154,164,110,94,180,9,25,25,1,0,1,0,0,6,3,131,122,115,98,150,111,144,105,150,135,-91.2821,0.0,-92.0966,-91.2197,-89.0339,-92.6968,-89.3149,-95.4987,-96.1721,-88.1676,-90.4608,-88.7012,-83.9315,-88.4963,-72.1063,-86.771,-73.7767,-90.1541,-84.9994,-83.0024
2,2,1500,10,20,2,1254,125,126,127,125,125,126,125,125,126,124,237,259,281,245,268,290,254,276,240,262,1359,137,134,137,135,137,137,136,135,136,135,569,497,542,470,514,559,487,531,576,504,433,20,177,0,9,23,89,73,0,10,32,2218,165,358,169,225,255,117,245,249,242,193,77,112,0,100,13,44,57,0,22,12,6,81,46,72,55,10,83,66,79,68,-89.2832,-64.7684,0.0,-89.2698,-88.9662,-86.8727,-82.7138,0.0,-86.026,-85.0182,-84.7186,-66.945,-83.2799,-70.3418,-72.7355,-86.1643,-77.7311,-71.2318,-77.509,-81.5255
2,2,1500,10,20,0,1145,114,115,116,115,115,114,114,114,114,114,288,253,275,239,261,283,248,270,234,256,1312,132,133,129,131,134,132,129,131,130,131,556,484,529,573,502,546,474,519,563,491,85,0,0,0,0,23,0,7,0,0,55,750,2,9,54,35,299,38,211,8,32,62,0,0,0,0,3,0,1,0,0,5,31,28,3,4,82,2,73,1,61,28,0.0,0.0,0.0,0.0,-89.0339,0.0,-89.3149,0.0,0.0,-88.1676,-90.4608,-88.7012,-83.9315,-88.4963,-72.1063,-86.771,-73.7767,-90.1541,-84.9994,-83.0024
1,2,1500,20,10,1,1411,141,141,142,141,142,141,140,142,140,141,175,190,166,181,157,172,187,163,178,192,1639,163,164,164,163,163,164,165,165,164,164,252,275,239,261,283,247,270,234,256,278,636,28,9,102,55,75,104,94,53,76,40,998,38,40,158,50,61,34,198,192,189,38,87,86,120,44,85,95,98,94,19,54,133,26,126,26,60,44,122,127,132,115,-88.8968,-93.6442,-37.9213,-86.1033,-79.8255,-75.8013,-81.896,-87.2641,-88.4643,-91.1224,-88.7184,-90.3684,-80.5712,-87.4547,-89.5024,-89.6811,-69.2414,-62.482,-75.2488,-89.5198
0,2,1500,10,10,2,244,24,25,25,24,24,25,24,24,25,24,20,22,24,21,23,25,22,23,20,22,2151,216,214,216,215,216,215,215,214,215,215,285,249,271,235,257,280,244,266,288,252,170,20,22,20,19,23,19,20,1,4,22,2028,210,219,209,191,209,214,168,218,205,185,16,24,7,16,20,25,17,18,9,20,138,184,163,188,172,148,179,174,180,176,-89.2832,-64.7684,-91.2955,-89.2698,-88.9662,-86.8727,-82.7138,-92.3312,-86.026,-85.0182,-84.7186,-66.945,-83.2799,-70.3418,-72.7355,-86.1643,-77.7311,-71.2318,-77.509,-81.5255
0,4,1500,10,20,1,246,24,24,25,25,25,25,24,25,24,25,22,24,21,23,20,22,24,21,23,24,968,96,97,97,97,96,97,97,97,97,97,84,92,80,87,95,83,90,78,86,93,224,22,24,21,23,20,22,24,21,23,24,840,80,92,80,86,95,83,90,78,63,93,24,17,25,25,25,25,24,25,24,25,96,94,96,95,92,97,95,97,97,94,-88.8968,-93.6442,-37.9213,-86.1033,-79.8255,-75.8013,-81.896,-87.2641,-88.4643,-91.1224,-88.7184,-90.3684,-80.5712,-87.4547,-89.5024,-89.6811,-69.2414,-62.482,-75.2488,-89.5198
0,3,1500,20,20,2,486,48,49,49,48,49,49,48,49,49,48,40,44,47,41,45,49,43,46,40,44,487,49,48,49,48,49,49,49,48,49,49,48,42,46,40,43,47,41,45,48,42,410,40,44,45,38,45,44,43,27,40,44,356,48,42,30,16,43,47,41,45,37,7,45,48,49,48,49,49,47,48,19,46,49,41,49,48,47,49,40,46,36,48,-89.2832,-64.7684,-91.2955,-89.2698,-88.9662,-86.8727,-82.7138,-92.3312,-86.026,-85.0182,-84.7186,-66.945,-83.2799,-70.3418,-72.7355,-86.1643,-77.7311,-71.2318,-77.509,-81.5255
0,5,1500,10,20,0,244,24,25,25,25,25,24,24,24,24,24,24,21,23,20,22,24,21,23,20,22,1929,193,193,192,193,194,193,192,193,193,193,186,162,177,191,167,182,158,173,188,164,205,18,12,23,20,22,24,21,23,20,22,1688,184,156,167,191,166,178,156,171,175,144,24,25,25,25,25,24,22,24,18,14,191,189,191,191,194,190,188,190,190,193,-91.2821,-93.582,-92.0966,-91.2197,-89.0339,-92.6968,-89.3149,-95.4987,-96.1721,-88.1676,-90.4608,-88.7012,-83.9315,-88.4963,-72.1063,-86.771,-73.7767,-90.1541,-84.9994,-83.0024
0,1,1500,20,10,2,486,48,49,49,48,49,49,48,49,49,48,40,44,47,41,45,49,43,46,40,44,968,97,96,97,97,97,97,97,96,97,97,95,83,91,79,86,94,82,89,96,84,324,40,44,27,0,45,48,43,12,21,44,774,95,79,82,57,86,35,79,88,93,80,32,49,49,46,47,48,36,47,13,28,66,93,97,92,97,84,94,91,81,96,-89.2832,-64.7684,-91.2955,0.0,-88.9662,-86.8727,-82.7138,-92.3312,-86.026,-85.0182,-84.7186,-66.945,-83.2799,-70.3418,-72.7355,-86.1643,-77.7311,-71.2318,-77.509,-81.5255
1,1,1500,10,10,1,966,96,96,97,97,97,97,96,97,96,97,88,95,83,91,79,86,94,82,89,96,966,96,97,96,96,96,97,97,97,97,97,84,92,80,87,95,83,90,78,86,93,564,33,41,54,58,42,66,85,70,75,40,563,46,79,74,55,41,13,87,67,42,59,80,71,96,59,91,94,83,96,67,67,91,75,89,59,66,77,57,96,82,93,-88.8968,-93.6442,-37.9213,-86.1033,-79.8255,-75.8013,-81.896,-87.2641,-88.4643,-91.1224,-88.7184,-90.3684,-80.5712,-87.4547,-89.5024,-89.6811,-69.2414,-62.482,-75.2488,-89.5198
0,2,1500,20,20,2,486,48,49,49,48,49,49,48,49,49,48,40,44,47,41,45,49,43,46,40,44,1376,139,136,139,136,139,138,138,136,138,137,569,497,542,470,514,559,487,531,576,504,237,32,40,9,2,32,35,40,1,7,39,2500,264,332,175,278,281,167,226,291,245,241,40,45,1,44,35,47,32,46,10,9,29,72,75,69,73,37,68,61,74,76,-89.2832,-64.7684,-91.2955,-89.2698,-88.9662,-86.8727,-82.7138,-92.3312,-86.026,-85.0182,-84.7186,-66.945,-83.2799,-70.3418,-72.7355,-86.1643,-77.7311,-71.2318,-77.509,-81.5255
1,2,1500,10,20,1,966,96,96,97,97,97,97,96,97,96,97,88,95,83,91,79,86,94,82,89,96,1623,160,162,162,162,161,163,164,165,162,162,504,549,477,522,566,494,539,467,511,556,294,7,2,52,20,37,55,47,25,35,14,926,9,17,51,25,32,2,288,240,232,30,70,35,90,21,63,82,76,86,6,9,76,29,82,31,48,40,98,103,86,58,-88.8968,-93.6442,-37.9213,-86.1033,-79.8255,-75.8013,-81.896,-87.2641,-88.4643,-91.1224,-88.7184,-90.3684,-80.5712,-87.4547,-89.5024,-89.6811,-69.2414,-62.482,-75.2488,-89.5198
2,2,1500,20,10,0,1162,115,118,119,118,116,116,115,115,115,115,576,505,549,478,522,566,495,539,467,512,1299,130,131,129,130,131,130,129,130,129,130,278,242,265,287,251,273,237,260,282,246,25,0,0,0,0,3,0,6,0,0,16,471,1,1,28,25,174,32,139,10,37,24,0,0,0,0,0,0,3,0,0,1,40,13,5,1,93,0,75,1,80,27,0.0,0.0,0.0,0.0,-89.0339,0.0,-89.3149,0.0,0.0,-88.1676,-90.4608,-88.7012,-83.9315,-88.4963,-72.1063,-86.771,-73.7767,-90.1541,-84.9994,-83.0024
0,3,1500,10,10,2,244,24,25,25,24,24,25,24,24,25,24,20,22,24,21,23,25,22,23,20,22,246,25,24,25,24,25,25,25,24,25,24,24,21,23,20,22,24,21,23,24,21,205,20,22,24,21,23,24,22,11,16,22,209,24,21,23,20,22,24,21,23,19,12,21,25,25,24,24,25,24,24,22,24,25,22,25,24,25,25,25,15,25,24,-89.2832,-64.7684,-91.2955,-89.2698,-88.9662,-86.8727,-82.7138,-92.3312,-86.026,-85.0182,-84.7186,-66.945,-83.2799,-70.3418,-72.7355,-86.1643,-77.7311,-71.2318,-77.509,-81.5255
1,1,1500,20,20,1,1331,133,133,134,133,134,133,132,134,132,133,175,190,166,181,157,172,187,163,178,192,1329,132,133,133,133,132,133,133,134,133,133,168,183,159,174,189,165,180,156,171,186,559,4,0,76,45,33,110,112,86,77,16,530,15,28,60,56,45,25,94,84,113,10,89,86,118,14,67,95,92,94,22,20,99,10,100,12,43,22,99,109,97,68,-88.8968,0.0,-37.9213,-86.1033,-79.8255,-75.8013,-81.896,-87.2641,-88.4643,-91.1224,-88.7184,-90.3684,-80.5712,-87.4547,-89.5024,-89.6811,-69.2414,-62.482,-75.2488,-89.5198
0,1,1500,10,20,2,244,24,25,25,24,24,25,24,24,25,24,20,22,24,21,23,25,22,23,20,22,1773,178,177,178,177,178,177,177,177,177,177,190,166,181,157,172,187,163,177,192,168,156,14,22,17,10,23,22,18,0,8,22,1137,113,101,127,90,125,104,112,115,133,117,15,23,3,20,24,25,18,24,9,10,116,150,138,144,146,124,150,140,149,146,-89.2832,-64.7684,-91.2955,-89.2698,-88.9662,-86.8727,-82.7138,0.0,-86.026,-85.0182,-84.7186,-66.945,-83.2799,-70.3418,-72.7355,-86.1643,-77.7311,-71.2318,-77.509,-81.5255
0,4,1500,20,10,1,486,48,48,49,49,49,49,48,49,48,49,44,48,42,46,40,43,47,41,45,48,489,48,49,49,49,49,49,49,49,49,49,42,46,40,44,48,42,45,39,43,47,440,44,48,42,43,40,42,47,41,45,48,436,42,46,40,44,48,42,45,39,43,47,48,29,49,20,49,46,48,49,48,49,48,49,49,49,48,49,49,49,49,49,-88.8968,-93.6442,-37.9213,-86.1033,-79.8255,-75.8013,-81.896,-87.2641,-88.4643,-91.1224,-88.7184,-90.3684,-80.5712,-87.4547,-89.5024,-89.6811,-69.2414,-62.482,-75.2488,-89.5198
0,0,1500,10,20,1,246,24,24,25,25,25,25,24,25,24,25,22,24,21,23,20,22,24,21,23,24,486,48,49,48,48,48,49,49,49,49,49,42,46,40,44,48,42,45,39,43,47,184,20,24,20,16,14,22,24,21,20,3,299,16,41,33,44,22,21,36,27,43,16,19,15,25,2,24,25,22,24,6,5,43,27,43,24,36,26,41,49,30,45,-88.8968,-93.6442,-37.9213,-86.1033,-79.8255,-75.8013,-81.896,-87.2641,-88.4643,-91.1224,-88.7184,-90.3684,-80.5712,-87.4547,-89.5024,-89.6811,-69.2414,-62.482,-75.2488,-89.5198
0,3,1500,10,10,0,244,24,25,25,25,25,24,24,24,24,24,24,21,23,20,22,24,21,23,20,22,246,25,25,24,24,25,25,24,25,24,25,24,21,22,24,21,23,20,22,24,21,205,18,12,23,20,22,24,21,23,20,22,205,24,21,5,24,21,23,20,22,24,21,24,25,25,25,25,24,22,24,18,14,25,25,24,24,23,25,24,25,24,25,-91.2821,-93.582,-92.0966,-91.2197,-89.0339,-92.6968,-89.3149,-95.4987,-96.1721,-88.1676,-90.4608,-88.7012,-83.9315,-88.4963,-72.1063,-86.771,-73.7767,-90.1541,-84.9994,-83.0024
0,1,1500,10,20,0,244,24,25,25,25,25,24,24,24,24,24,24,21,23,20,22,24,21,23,20,22,1558,156,156,155,156,157,156,155,156,155,156,186,162,177,191,167,182,158,173,188,164,78,6,0,3,3,18,7,16,1,2,22,802,52,43,80,88,108,88,101,56,110,76,12,25,25,1,0,0,0,1,5,4,101,110,81,79,124,76,109,79,116,110,-91.2821,0.0,-92.0966,-91.2197,-89.0339,-92.6968,-89.3149,-95.4987,-96.1721,-88.1676,-90.4608,-88.7012,-83.9315,-88.4963,-72.1063,-86.771,-73.7767,-90.1541,-84.9994,-83.0024
2,2,1500,20,10,2,1225,121,124,126,122,122,124,120,122,124,120,473,518,562,490,535,579,507,552,480,525,1598,160,159,161,159,161,160,160,159,160,159,285,249,271,235,257,280,244,266,288,252,428,2,322,0,2,4,42,34,0,3,19,1539,116,208,134,137,156,111,195,182,182,118,45,101,0,40,8,36,45,0,23,10,2,140,63,118,118,8,127,125,140,102,-89.2832,-64.7684,0.0,-89.2698,-88.9662,-86.8727,-82.7138,0.0,-86.026,-85.0182,-84.7186,-66.945,-83.2799,-70.3418,-72.7355,-86.1643,-77.7311,-71.2318,-77.509,-81.5255
0,2,1500,20,20,0,485,48,49,49,49,49,49,48,48,48,48,48,43,46,40,44,48,42,45,39,43,1376,138,139,135,137,140,139,135,138,137,138,556,484,529,573,502,546,474,519,563,491,43,5,0,0,1,17,1,3,0,0,16,811,8,39,61,44,282,47,194,17,22,97,7,46,49,1,0,0,0,1,3,2,45,59,20,21,86,23,68,22,74,49,-91.2821,0.0,0.0,-91.2197,-89.0339,-92.6968,-89.3149,0.0,0.0,-88.1676,-90.4608,-88.7012,-83.9315,-88.4963,-72.1063,-86.771,-73.7767,-90.1541,-84.9994,-83.0024
1,4,1500,20,10,0,1337,133,134,135,134,134,134,133,133,133,134,192,169,183,159,174,189,165,180,156,171,488,49,49,48,49,49,49,48,49,49,49,47,41,45,48,42,46,40,44,47,41,350,62,68,29,47,38,22,38,0,0,46,428,47,41,42,48,42,46,40,43,41,38,77,103,97,102,104,105,85,0,0,98,49,49,44,49,49,45,47,49,48,49,-91.2821,-93.582,-92.0966,-91.2197,-89.0339,-92.6968,-89.3149,0.0,0.0,-88.1676,-90.4608,-88.7012,-83.9315,-88.4963,-72.1063,-86.771,-73.7767,-90.1541,-84.9994,-83.0024
2,5,1500,10,20,0,1308,130,132,132,132,131,131,130,130,130,130,288,253,275,239,261,283,248,270,234,256,1929,193,193,192,193,194,193,192,193,193,193,186,162,177,191,167,182,158,173,188,164,296,0,0,0,0,129,0,38,0,0,129,1688,184,156,167,191,166,178,156,171,175,144,0,0,0,0,83,0,62,0,0,48,191,189,191,191,194,190,188,190,190,193,0.0,0.0,0.0,0.0,-89.0339,0.0,-89.3149,0.0,0.0,-88.1676,-90.4608,-88.7012,-83.9315,-88.4963,-72.1063,-86.771,-73.7767,-90.1541,-84.9994,-83.0024
1,5,1500,20,10,1,1883,188,188,189,188,189,188,188,189,187,189,175,190,166,181,157,172,187,163,178,192,969,96,97,97,97,97,97,97,97,97,97,84,92,80,87,95,83,90,78,86,93,1004,83,87,103,87,89,117,119,104,124,91,865,84,92,80,87,95,83,90,78,83,93,151,144,148,153,151,138,146,155,148,140,96,97,97,97,97,97,97,97,97,97,-88.8968,-93.6442,-37.9213,-86.1033,-79.8255,-75.8013,-81.896,-87.2641,-88.4643,-91.1224,-88.7184,-90.3684,-80.5712,-87.4547,-89.5024,-89.6811,-69.2414,-62.482,-75.2488,-89.5198
2,5,1500,10,20,2,1756,175,176,177,175,176,176,175,175,177,174,237,259,281,245,268,290,254,276,240,262,1928,193,192,193,193,193,193,193,192,193,193,190,166,181,157,172,187,163,177,192,168,1318,171,190,0,117,193,230,175,0,77,165,1652,184,145,180,151,172,168,163,163,176,150,142,163,0,141,147,165,163,0,163,150,192,190,191,187,191,188,191,189,181,193,-89.2832,-64.7684,0.0,-89.2698,-88.9662,-86.8727,-82.7138,0.0,-86.026,-85.0182,-84.7186,-66.945,-83.2799,-70.3418,-72.7355,-86.1643,-77.7311,-71.2318,-77.509,-81.5255
1,4,1500,20,10,2,1800,180,180,181,180,180,180,179,180,181,179,158,173,188,164,179,193,169,184,160,175,488,49,48,49,49,49,49,49,48,49,49,48,42,46,40,43,47,41,45,48,42,736,51,103,106,90,74,72,92,45,61,42,442,48,42,46,40,43,47,41,45,48,42,130,148,121,124,138,139,125,127,128,140,49,48,49,48,49,49,49,48,49,49,-89.2832,-64.7684,-91.2955,-89.2698,-88.9662,-86.8727,-82.7138,-92.3312,-86.026,-85.0182,-84.7186,-66.945,-83.2799,-70.3418,-72.7355,-86.1643,-77.7311,-71.2318,-77.509,-81.5255
1,4,1500,10,20,2,967,96,97,97,97,97,97,96,97,97,96,79,87,94,82,90,97,85,92,80,88,968,97,96,97,97,97,97,97,96,97,97,95,83,91,79,86,94,82,89,96,84,799,71,87,94,81,48,95,85,84,77,77,820,95,83,91,78,86,44,82,89,92,80,93,96,97,96,97,94,95,96,97,96,97,95,97,93,97,97,97,94,97,97,-89.2832,-64.7684,-91.2955,-89.2698,-88.9662,-86.8727,-82.7138,-92.3312,-86.026,-85.0182,-84.7186,-66.945,-83.2799,-70.3418,-72.7355,-86.1643,-77.7311,-71.2318,-77.509,-81.5255
2,5,1500,20,10,2,1402,139,141,143,140,140,141,138,140,142,138,473,518,562,490,535,579,507,552,480,525,968,97,96,97,97,97,97,97,96,97,97,95,83,91,79,86,94,82,89,96,84,476,9,303,0,11,17,39,45,0,14,38,869,95,83,91,79,86,84,82,89,96,84,55,106,0,50,64,83,82,0,88,56,97,96,97,96,97,97,97,96,97,97,-89.2832,-64.7684,0.0,-89.2698,-88.9662,-86.8727,-82.7138,0.0,-86.026,-85.0182,-84.7186,-66.945,-83.2799,-70.3418,-72.7355,-86.1643,-77.7311,-71.2318,-77.509,-81.5255
0,5,1500,20,20,0,486,48,49,49,49,49,49,48,48,48,49,48,43,46,40,44,48,42,45,39,43,1929,193,193,192,193,194,193,192,193,193,193,186,162,177,191,167,182,158,173,188,164,319,22,7,43,33,44,48,42,21,16,43,1688,184,156,167,191,166,178,156,171,175,144,38,49,49,49,49,49,31,33,18,44,191,189,191,191,194,190,188,190,190,193,-91.2821,-93.582,-92.0966,-91.2197,-89.0339,-92.6968,-89.3149,-95.4987,-96.1721,-88.1676,-90.4608,-88.7012,-83.9315,-88.4963,-72.1063,-86.771,-73.7767,-90.1541,-84.9994,-83.0024
1,5,1500,10,20,1,966,96,96,97,97,97,97,96,97,96,97,88,95,83,91,79,86,94,82,89,96,1930,192,193,193,193,193,193,193,194,193,193,168,183,159,174,189,165,180,156,171,186,853,84,94,63,89,78,84,94,82,89,96,1657,151,183,159,164,189,160,179,156,169,147,96,93,97,96,97,97,89,97,96,95,192,193,193,192,189,190,190,194,193,192,-88.8968,-93.6442,-37.9213,-86.1033,-79.8255,-75.8013,-81.896,-87.2641,-88.4643,-91.1224,-88.7184,-90.3684,-80.5712,-87.4547,-89.5024,-89.6811,-69.2414,-62.482,-75.2488,-89.5198
0,5,1500,20,20,2,486,48,49,49,48,49,49,48,49,49,48,40,44,47,41,45,49,43,46,40,44,1928,193,192,193,193,193,193,193,192,193,193,190,166,181,157,172,187,163,177,192,168,410,40,44,45,38,45,44,43,27,40,44,1652,184,145,180,151,172,168,163,163,176,150,45,48,49,48,49,49,47,48,19,46,192,190,191,187,191,188,191,189,181,193,-89.2832,-64.7684,-91.2955,-89.2698,-88.9662,-86.8727,-82.7138,-92.3312,-86.026,-85.0182,-84.7186,-66.945,-83.2799,-70.3418,-72.7355,-86.1643,-77.7311,-71.2318,-77.509,-81.5255
2,5,1500,20,10,0,1181,116,120,121,120,118,118,117,117,117,117,576,505,549,478,522,566,495,539,467,512,968,97,97,96,97,97,97,96,97,97,97,93,81,89,96,84,91,79,87,94,82,44,0,0,0,0,10,0,8,0,0,26,874,93,81,88,96,84,91,79,87,93,82,0,0,0,0,39,0,16,0,0,15,97,97,96,97,97,95,96,97,97,97,0.0,0.0,0.0,0.0,-89.0339,0.0,-89.3149,0.0,0.0,-88.1676,-90.4608,-88.7012,-83.9315,-88.4963,-72.1063,-86.771,-73.7767,-90.1541,-84.9994,-83.0024
1,4,1500,10,20,0,966,96,97,97,97,97,97,96,96,96,97,96,85,92,80,87,95,83,90,78,86,968,97,97,96,97,97,97,96,97,97,97,93,81,89,96,84,91,79,87,94,82,594,83,78,69,51,51,95,82,0,0,85,844,90,75,86,96,84,91,79,85,85,73,82,82,97,96,96,97,92,0,0,97,97,97,88,97,96,92,96,97,94,97,-91.2821,-93.582,-92.0966,-91.2197,-89.0339,-92.6968,-89.3149,0.0,0.0,-88.1676,-90.4608,-88.7012,-83.9315,-88.4963,-72.1063,-86.771,-73.7767,-90.1541,-84.9994,-83.0024
1,5,1500,20,10,2,1800,180,180,181,180,180,180,179,180,181,179,158,173,188,164,179,193,169,184,160,175,968,97,96,97,97,97,97,97,96,97,97,95,83,91,79,86,94,82,89,96,84,736,51,103,106,90,74,72,92,45,61,42,869,95,83,91,79,86,84,82,89,96,84,130,148,121,124,138,139,125,127,128,140,97,96,97,96,97,97,97,96,97,97,-89.2832,-64.7684,-91.2955,-89.2698,-88.9662,-86.8727,-82.7138,-92.3312,-86.026,-85.0182,-84.7186,-66.945,-83.2799,-70.3418,-72.7355,-86.1643,-77.7311,-71.2318,-77.509,-81.5255
1,5,1500,20,10,0,1337,133,134,135,134,134,134,133,133,133,134,192,169,183,159,174,189,165,180,156,171,968,97,97,96,97,97,97,96,97,97,97,93,81,89,96,84,91,79,87,94,82,350,62,68,29,47,38,22,38,0,0,46,874,93,81,88,96,84,91,79,87,93,82,77,103,97,102,104,105,85,0,0,98,97,97,96,97,97,95,96,97,97,97,-91.2821,-93.582,-92.0966,-91.2197,-89.0339,-92.6968,-89.3149,0.0,0.0,-88.1676,-90.4608,-88.7012,-83.9315,-88.4963,-72.1063,-86.771,-73.7767,-90.1541,-84.9994,-83.0024
1,4,1500,20,10,1,1883,188,188,189,188,189,188,188,189,187,189,175,190,166,181,157,172,187,163,178,192,489,48,49,49,49,49,49,49,49,49,49,42,46,40,44,48,42,45,39,43,47,1004,83,87,103,87,89,117,119,104,124,91,436,42,46,40,44,48,42,45,39,43,47,151,144,148,153,151,138,146,155,148,140,48,49,49,49,48,49,49,49,49,49,-88.8968,-93.6442,-37.9213,-86.1033,-79.8255,-75.8013,-81.896,-87.2641,-88.4643,-91.1224,-88.7184,-90.3684,-80.5712,-87.4547,-89.5024,-89.6811,-69.2414,-62.482,-75.2488,-89.5198
2,5,1500,10,20,1,1684,167,168,170,169,170,168,167,169,167,169,263,285,249,271,235,258,280,244,266,288,1930,192,193,193,193,193,193,193,194,193,193,168,183,159,174,189,165,180,156,171,186,1337,208,0,197,42,183,229,225,156,97,0,1657,151,183,159,164,189,160,179,156,169,147,124,0,143,148,152,151,154,138,127,0,192,193,193,192,189,190,190,194,193,192,-88.8968,0.0,-37.9213,-86.1033,-79.8255,-75.8013,-81.896,-87.2641,-88.4643,0.0,-88.7184,-90.3684,-80.5712,-87.4547,-89.5024,-89.6811,-69.2414,-62.482,-75.2488,-89.5198
2,5,1500,20,10,1,1425,141,141,145,143,145,142,140,144,140,144,525,569,498,542,470,515,559,487,532,576,969,96,97,97,97,97,97,97,97,97,97,84,92,80,87,95,83,90,78,86,93,821,23,0,272,17,141,250,60,33,25,0,865,84,92,80,87,95,83,90,78,83,93,42,0,105,63,71,86,78,53,53,0,96,97,97,97,97,97,97,97,97,97,-88.8968,0.0,-37.9213,-86.1033,-79.8255,-75.8013,-81.896,-87.2641,-88.4643,0.0,-88.7184,-90.3684,-80.5712,-87.4547,-89.5024,-89.6811,-69.2414,-62.482,-75.2488,-89.5198
1,4,1500,10,20,1,966,96,96,97,97,97,97,96,97,96,97,88,95,83,91,79,86,94,82,89,96,968,96,97,97,97,96,97,97,97,97,97,84,92,80,87,95,83,90,78,86,93,853,84,94,63,89,78,84,94,82,89,96,840,80,92,80,86,95,83,90,78,63,93,96,93,97,96,97,97,89,97,96,95,96,94,96,95,92,97,95,97,97,94,-88.8968,-93.6442,-37.9213,-86.1033,-79.8255,-75.8013,-81.896,-87.2641,-88.4643,-91.1224,-88.7184,-90.3684,-80.5712,-87.4547,-89.5024,-89.6811,-69.2414,-62.482,-75.2488,-89.5198
1,5,1500,10,20,0,966,96,97,97,97,97,97,96,96,96,97,96,85,92,80,87,95,83,90,78,86,1929,193,193,192,193,194,193,192,193,193,193,186,162,177,191,167,182,158,173,188,164,594,83,78,69,51,51,95,82,0,0,85,1688,184,156,167,191,166,178,156,171,175,144,82,82,97,96,96,97,92,0,0,97,191,189,191,191,194,190,188,190,190,193,-91.2821,-93.582,-92.0966,-91.2197,-89.0339,-92.6968,-89.3149,0.0,0.0,-88.1676,-90.4608,-88.7012,-83.9315,-88.4963,-72.1063,-86.771,-73.7767,-90.1541,-84.9994,-83.0024
0,5,1500,20,20,1,486,48,48,49,49,49,49,48,49,48,49,44,48,42,46,40,43,47,41,45,48,1930,192,193,193,193,193,193,193,194,193,193,168,183,159,174,189,165,180,156,171,186,440,44,48,42,43,40,42,47,41,45,48,1657,151,183,159,164,189,160,179,156,169,147,48,29,49,20,49,46,48,49,48,49,192,193,193,192,189,190,190,194,193,192,-88.8968,-93.6442,-37.9213,-86.1033,-79.8255,-75.8013,-81.896,-87.2641,-88.4643,-91.1224,-88.7184,-90.3684,-80.5712,-87.4547,-89.5024,-89.6811,-69.2414,-62.482,-75.2488,-89.5198
1,5,1500,10,20,2,967,96,97,97,97,97,97,96,97,97,96,79,87,94,82,90,97,85,92,80,88,1928,193,192,193,193,193,193,193,192,193,193,190,166,181,157,172,187,163,177,192,168,799,71,87,94,81,48,95,85,84,77,77,1652,184,145,180,151,172,168,163,163,176,150,93,96,97,96,97,94,95,96,97,96,192,190,191,187,191,188,191,189,181,193,-89.2832,-64.7684,-91.2955,-89.2698,-88.9662,-86.8727,-82.7138,-92.3312,-86.026,-85.0182,-84.7186,-66.945,-83.2799,-70.3418,-72.7355,-86.1643,-77.7311,-71.2318,-77.509,-81.5255
1,5,1500,20,20,2,1800,180,180,181,180,180,180,179,180,181,179,158,173,188,164,179,193,169,184,160,175,1928,193,192,193,193,193,193,193,192,193,193,190,166,181,157,172,187,163,177,192,168,736,51,103,106,90,74,72,92,45,61,42,1652,184,145,180,151,172,168,163,163,176,150,130,148,121,124,138,139,125,127,128,140,192,190,191,187,191,188,191,189,181,193,-89.2832,-64.7684,-91.2955,-89.2698,-88.9662,-86.8727,-82.7138,-92.3312,-86.026,-85.0182,-84.7186,-66.945,-83.2799,-70.3418,-72.7355,-86.1643,-77.7311,-71.2318,-77.509,-81.5255
0,5,1500,10,20,1,246,24,24,25,25,25,25,24,25,24,25,22,24,21,23,20,22,24,21,23,24,1930,192,193,193,193,193,193,193,194,193,193,168,183,159,174,189,165,180,156,171,186,224,22,24,21,23,20,22,24,21,23,24,1657,151,183,159,164,189,160,179,156,169,147,24,17,25,25,25,25,24,25,24,25,192,193,193,192,189,190,190,194,193,192,-88.8968,-93.6442,-37.9213,-86.1033,-79.8255,-75.8013,-81.896,-87.2641,-88.4643,-91.1224,-88.7184,-90.3684,-80.5712,-87.4547,-89.5024,-89.6811,-69.2414,-62.482,-75.2488,-89.5198
1,4,1500,20,20,1,1883,188,188,189,188,189,188,188,189,187,189,175,190,166,181,157,172,187,163,178,192,968,96,97,97,97,96,97,97,97,97,97,84,92,80,87,95,83,90,78,86,93,1004,83,87,103,87,89,117,119,104,124,91,840,80,92,80,86,95,83,90,78,63,93,151,144,148,153,151,138,146,155,148,140,96,94,96,95,92,97,95,97,97,94,-88.8968,-93.6442,-37.9213,-86.1033,-79.8255,-75.8013,-81.896,-87.2641,-88.4643,-91.1224,-88.7184,-90.3684,-80.5712,-87.4547,-89.5024,-89.6811,-69.2414,-62.482,-75.2488,-89.5198
2,5,1500,10,10,1,1684,167,168,170,169,170,168,167,169,167,169,263,285,249,271,235,258,280,244,266,288,969,96,97,97,97,97,97,97,97,97,97,84,92,80,87,95,83,90,78,86,93,1337,208,0,197,42,183,229,225,156,97,0,865,84,92,80,87,95,83,90,78,83,93,124,0,143,148,152,151,154,138,127,0,96,97,97,97,97,97,97,97,97,97,-88.8968,0.0,-37.9213,-86.1033,-79.8255,-75.8013,-81.896,-87.2641,-88.4643,0.0,-88.7184,-90.3684,-80.5712,-87.4547,-89.5024,-89.6811,-69.2414,-62.482,-75.2488,-89.5198
1,5,1500,20,20,0,1337,133,134,135,134,134,134,133,133,133,134,192,169,183,159,174,189,165,180,156,171,1929,193,193,192,193,194,193,192,193,193,193,186,162,177,191,167,182,158,173,188,164,350,62,68,29,47,38,22,38,0,0,46,1688,184,156,167,191,166,178,156,171,175,144,77,103,97,102,104,105,85,0,0,98,191,189,191,191,194,190,188,190,190,193,-91.2821,-93.582,-92.0966,-91.2197,-89.0339,-92.6968,-89.3149,0.0,0.0,-88.1676,-90.4608,-88.7012,-83.9315,-88.4963,-72.1063,-86.771,-73.7767,-90.1541,-84.9994,-83.0024
1,5,1500,10,10,0,966,96,97,97,97,97,97,96,96,96,97,96,85,92,80,87,95,83,90,78,86,968,97,97,96,97,97,97,96,97,97,97,93,81,89,96,84,91,79,87,94,82,594,83,78,69,51,51,95,82,0,0,85,874,93,81,88,96,84,91,79,87,93,82,82,82,97,96,96,97,92,0,0,97,97,97,96,97,97,95,96,97,97,97,-91.2821,-93.582,-92.0966,-91.2197,-89.0339,-92.6968,-89.3149,0.0,0.0,-88.1676,-90.4608,-88.7012,-83.9315,-88.4963,-72.1063,-86.771,-73.7767,-90.1541,-84.9994,-83.0024
2,5,1500,20,20,1,1425,141,141,145,143,145,142,140,144,140,144,525,569,498,542,470,515,559,487,532,576,1930,192,193,193,193,193,193,193,194,193,193,168,183,159,174,189,165,180,156,171,186,821,23,0,272,17,141,250,60,33,25,0,1657,151,183,159,164,189,160,179,156,169,147,42,0,105,63,71,86,78,53,53,0,192,193,193,192,189,190,190,194,193,192,-88.8968,0.0,-37.9213,-86.1033,-79.8255,-75.8013,-81.896,-87.2641,-88.4643,0.0,-88.7184,-90.3684,-80.5712,-87.4547,-89.5024,-89.6811,-69.2414,-62.482,-75.2488,-89.5198
1,4,1500,10,10,1,966,96,96,97,97,97,97,96,97,96,97,88,95,83,91,79,86,94,82,89,96,489,48,49,49,49,49,49,49,49,49,49,42,46,40,44,48,42,45,39,43,47,853,84,94,63,89,78,84,94,82,89,96,436,42,46,40,44,48,42,45,39,43,47,96,93,97,96,97,97,89,97,96,95,48,49,49,49,48,49,49,49,49,49,-88.8968,-93.6442,-37.9213,-86.1033,-79.8255,-75.8013,-81.896,-87.2641,-88.4643,-91.1224,-88.7184,-90.3684,-80.5712,-87.4547,-89.5024,-89.6811,-69.2414,-62.482,-75.2488,-89.5198
0,5,1500,20,10,1,486,48,48,49,49,49,49,48,49,48,49,44,48,42,46,40,43,47,41,45,48,969,96,97,97,97,97,97,97,97,97,97,84,92,80,87,95,83,90,78,86,93,440,44,48,42,43,40,42,47,41,45,48,865,84,92,80,87,95,83,90,78,83,93,48,29,49,20,49,46,48,49,48,49,96,97,97,97,97,97,97,97,97,97,-88.8968,-93.6442,-37.9213,-86.1033,-79.8255,-75.8013,-81.896,-87.2641,-88.4643,-91.1224,-88.7184,-90.3684,-80.5712,-87.4547,-89.5024,-89.6811,-69.2414,-62.482,-75.2488,-89.5198
1,5,1500,10,10,2,967,96,97,97,97,97,97,96,97,97,96,79,87,94,82,90,97,85,92,80,88,968,97,96,97,97,97,97,97,96,97,97,95,83,91,79,86,94,82,89,96,84,799,71,87,94,81,48,95,85,84,77,77,869,95,83,91,79,86,84,82,89,96,84,93,96,97,96,97,94,95,96,97,96,97,96,97,96,97,97,97,96,97,97,-89.2832,-64.7684,-91.2955,-89.2698,-88.9662,-86.8727,-82.7138,-92.3312,-86.026,-85.0182,-84.7186,-66.945,-83.2799,-70.3418,-72.7355,-86.1643,-77.7311,-71.2318,-77.509,-81.5255
0,5,1500,10,20,2,244,24,25,25,24,24,25,24,24,25,24,20,22,24,21,23,25,22,23,20,22,1928,193,192,193,193,193,193,193,192,193,193,190,166,181,157,172,187,163,177,192,168,205,20,22,24,21,23,24,22,11,16,22,1652,184,145,180,151,172,168,163,163,176,150,21,25,25,24,24,25,24,24,22,24,192,190,191,187,191,188,191,189,181,193,-89.2832,-64.7684,-91.2955,-89.2698,-88.9662,-86.8727,-82.7138,-92.3312,-86.026,-85.0182,-84.7186,-66.945,-83.2799,-70.3418,-72.7355,-86.1643,-77.7311,-71.2318,-77.509,-81.5255
1,5,1500,20,20,1,1883,188,188,189,188,189,188,188,189,187,189,175,190,166,181,157,172,187,163,178,192,1930,192,193,193,193,193,193,193,194,193,193,168,183,159,174,189,165,180,156,171,186,1004,83,87,103,87,89,117,119,104,124,91,1657,151,183,159,164,189,160,179,156,169,147,151,144,148,153,151,138,146,155,148,140,192,193,193,192,189,190,190,194,193,192,-88.8968,-93.6442,-37.9213,-86.1033,-79.8255,-75.8013,-81.896,-87.2641,-88.4643,-91.1224,-88.7184,-90.3684,-80.5712,-87.4547,-89.5024,-89.6811,-69.2414,-62.482,-75.2488,-89.5198
1,4,1500,20,20,0,1337,133,134,135,134,134,134,133,133,133,134,192,169,183,159,174,189,165,180,156,171,968,97,97,96,97,97,97,96,97,97,97,93,81,89,96,84,91,79,87,94,82,350,62,68,29,47,38,22,38,0,0,46,844,90,75,86,96,84,91,79,85,85,73,77,103,97,102,104,105,85,0,0,98,97,97,88,97,96,92,96,97,94,97,-91.2821,-93.582,-92.0966,-91.2197,-89.0339,-92.6968,-89.3149,0.0,0.0,-88.1676,-90.4608,-88.7012,-83.9315,-88.4963,-72.1063,-86.771,-73.7767,-90.1541,-84.9994,-83.0024
2,5,1500,10,10,0,1308,130,132,132,132,131,131,130,130,130,130,288,253,275,239,261,283,248,270,234,256,968,97,97,96,97,97,97,96,97,97,97,93,81,89,96,84,91,79,87,94,82,296,0,0,0,0,129,0,38,0,0,129,874,93,81,88,96,84,91,79,87,93,82,0,0,0,0,83,0,62,0,0,48,97,97,96,97,97,95,96,97,97,97,0.0,0.0,0.0,0.0,-89.0339,0.0,-89.3149,0.0,0.0,-88.1676,-90.4608,-88.7012,-83.9315,-88.4963,-72.1063,-86.771,-73.7767,-90.1541,-84.9994,-83.0024
2,5,1500,10,10,2,1756,175,176,177,175,176,176,175,175,177,174,237,259,281,245,268,290,254,276,240,262,968,97,96,97,97,97,97,97,96,97,97,95,83,91,79,86,94,82,89,96,84,1318,171,190,0,117,193,230,175,0,77,165,869,95,83,91,79,86,84,82,89,96,84,142,163,0,141,147,165,163,0,163,150,97,96,97,96,97,97,97,96,97,97,-89.2832,-64.7684,0.0,-89.2698,-88.9662,-86.8727,-82.7138,0.0,-86.026,-85.0182,-84.7186,-66.945,-83.2799,-70.3418,-72.7355,-86.1643,-77.7311,-71.2318,-77.509,-81.5255
1,4,1500,20,20,2,1800,180,180,181,180,180,180,179,180,181,179,158,173,188,164,179,193,169,184,160,175,968,97,96,97,97,97,97,97,96,97,97,95,83,91,79,86,94,82,89,96,84,736,51,103,106,90,74,72,92,45,61,42,820,95,83,91,78,86,44,82,89,92,80,130,148,121,124,138,139,125,127,128,140,97,95,97,93,97,97,97,94,97,97,-89.2832,-64.7684,-91.2955,-89.2698,-88.9662,-86.8727,-82.7138,-92.3312,-86.026,-85.0182,-84.7186,-66.945,-83.2799,-70.3418,-72.7355,-86.1643,-77.7311,-71.2318,-77.509,-81.5255
0,5,1500,20,10,0,486,48,49,49,49,49,49,48,48,48,49,48,43,46,40,44,48,42,45,39,43,968,97,97,96,97,97,97,96,97,97,97,93,81,89,96,84,91,79,87,94,82,319,22,7,43,33,44,48,42,21,16,43,874,93,81,88,96,84,91,79,87,93,82,38,49,49,49,49,49,31,33,18,44,97,97,96,97,97,95,96,97,97,97,-91.2821,-93.582,-92.0966,-91.2197,-89.0339,-92.6968,-89.3149,-95.4987,-96.1721,-88.1676,-90.4608,-88.7012,-83.9315,-88.4963,-72.1063,-86.771,-73.7767,-90.1541,-84.9994,-83.0024
1,4,1500,10,10,2,967,96,97,97,97,97,97,96,97,97,96,79,87,94,82,90,97,85,92,80,88,488,49,48,49,49,49,49,49,48,49,49,48,42,46,40,43,47,41,45,48,42,799,71,87,94,81,48,95,85,84,77,77,442,48,42,46,40,43,47,41,45,48,42,93,96,97,96,97,94,95,96,97,96,49,48,49,48,49,49,49,48,49,49,-89.2832,-64.7684,-91.2955,-89.2698,-88.9662,-86.8727,-82.7138,-92.3312,-86.026,-85.0182,-84.7186,-66.945,-83.2799,-70.3418,-72.7355,-86.1643,-77.7311,-71.2318,-77.509,-81.5255
2,5,1500,20,20,2,1402,139,141,143,140,140,141,138,140,142,138,473,518,562,490,535,579,507,552,480,525,1928,193,192,193,193,193,193,193,192,193,193,190,166,181,157,172,187,163,177,192,168,476,9,303,0,11,17,39,45,0,14,38,1652,184,145,180,151,172,168,163,163,176,150,55,106,0,50,64,83,82,0,88,56,192,190,191,187,191,188,191,189,181,193,-89.2832,-64.7684,0.0,-89.2698,-88.9662,-86.8727,-82.7138,0.0,-86.026,-85.0182,-84.7186,-66.945,-83.2799,-70.3418,-72.7355,-86.1643,-77.7311,-71.2318,-77.509,-81.5255
2,5,1500,20,20,0,1181,116,120,121,120,118,118,117,117,117,117,576,505,549,478,522,566,495,539,467,512,1929,193,193,192,193,194,193,192,193,193,193,186,162,177,191,167,182,158,173,188,164,44,0,0,0,0,10,0,8,0,0,26,1688,184,156,167,191,166,178,156,171,175,144,0,0,0,0,39,0,16,0,0,15,191,189,191,191,194,190,188,190,190,193,0.0,0.0,0.0,0.0,-89.0339,0.0,-89.3149,0.0,0.0,-88.1676,-90.4608,-88.7012,-83.9315,-88.4963,-72.1063,-86.771,-73.7767,-90.1541,-84.9994,-83.0024
1,4,1500,10,10,0,966,96,97,97,97,97,97,96,96,96,97,96,85,92,80,87,95,83,90,78,86,488,49,49,48,49,49,49,48,49,49,49,47,41,45,48,42,46,40,44,47,41,594,83,78,69,51,51,95,82,0,0,85,428,47,41,42,48,42,46,40,43,41,38,82,82,97,96,96,97,92,0,0,97,49,49,44,49,49,45,47,49,48,49,-91.2821,-93.582,-92.0966,-91.2197,-89.0339,-92.6968,-89.3149,0.0,0.0,-88.1676,-90.4608,-88.7012,-83.9315,-88.4963,-72.1063,-86.771,-73.7767,-90.1541,-84.9994,-83.0024
1,5,1500,10,10,1,966,96,96,97,97,97,97,96,97,96,97,88,95,83,91,79,86,94,82,89,96,969,96,97,97,97,97,97,97,97,97,97,84,92,80,87,95,83,90,78,86,93,853,84,94,63,89,78,84,94,82,89,96,865,84,92,80,87,95,83,90,78,83,93,96,93,97,96,97,97,89,97,96,95,96,97,97,97,97,97,97,97,97,97,-88.8968,-93.6442,-37.9213,-86.1033,-79.8255,-75.8013,-81.896,-87.2641,-88.4643,-91.1224,-88.7184,-90.3684,-80.5712,-87.4547,-89.5024,-89.6811,-69.2414,-62.482,-75.2488,-89.5198
0,5,1500,20,10,2,486,48,49,49,48,49,49,48,49,49,48,40,44,47,41,45,49,43,46,40,44,968,97,96,97,97,97,97,97,96,97,97,95,83,91,79,86,94,82,89,96,84,410,40,44,45,38,45,44,43,27,40,44,869,95,83,91,79,86,84,82,89,96,84,45,48,49,48,49,49,47,48,19,46,97,96,97,96,97,97,97,96,97,97,-89.2832,-64.7684,-91.2955,-89.2698,-88.9662,-86.8727,-82.7138,-92.3312,-86.026,-85.0182,-84.7186,-66.945,-83.2799,-70.3418,-72.7355,-86.1643,-77.7311,-71.2318,-77.509,-81.5255
