label,link,own_load,other_load,n,median,q1,q3,p5,p95
no_interf,ul,20,100,1200,1.1115,0.9572,1.4142,0.6967,1.9534
no_interf,ul,40,100,1200,1.0,0.7533,1.1652,0.517,1.5589
no_interf,ul,60,100,1200,0.8105,0.608,1.0,0.3766,1.4142
no_interf,ul,80,100,1200,0.6648,0.4896,1.0,0.3093,1.4142
no_interf,ul,100,100,1200,0.609,0.4337,0.8769,0.2657,1.1213
no_interf,dl,20,100,1200,1.229,1.0017,1.4142,0.7848,2.0
no_interf,dl,40,100,1200,1.0901,0.9423,1.4142,0.7201,1.7954
no_interf,dl,60,100,1200,1.0,0.8252,1.2563,0.6124,1.6638
no_interf,dl,80,100,1200,0.9442,0.707,1.0901,0.4941,1.4779
no_interf,dl,100,100,1200,0.8404,0.6378,1.0,0.387,1.4142
interf,ul,20,100,1200,1.0,0.7276,1.1503,0.4141,1.6269
interf,ul,40,100,1200,0.8087,0.5733,1.0,0.3283,1.4142
interf,ul,60,100,1200,0.7074,0.4967,1.0,0.2814,1.4142
interf,ul,80,100,1200,0.626,0.433,0.9715,0.2555,1.4142
interf,ul,100,100,1200,0.5891,0.4162,0.9072,0.2406,1.3223
interf,dl,20,100,1200,1.0,0.7838,1.1879,0.5795,1.5899
interf,dl,40,100,1200,0.9482,0.73,1.0888,0.5048,1.4839
interf,dl,60,100,1200,0.8408,0.6682,1.0,0.4749,1.4142
interf,dl,80,100,1200,0.7858,0.6074,1.0,0.4292,1.4142
interf,dl,100,100,1200,0.7225,0.5595,1.0,0.3753,1.4142
