mode,own_bw_kbps,other_bw_kbps,other_load_percent,own_load_percent,auc
conv,50,50,100,20,1
conv,50,50,100,40,0.9986
conv,50,50,100,60,0.9907
conv,50,50,100,80,0.9585
conv,50,50,100,100,0.9266
conv,50,100,100,20,0.9978
conv,50,100,100,40,0.997
conv,50,100,100,60,0.9837
conv,50,100,100,80,0.9297
conv,50,100,100,100,0.9178
conv,50,200,100,20,0.9991
conv,50,200,100,40,0.9959
conv,50,200,100,60,0.9968
conv,50,200,100,80,0.947
conv,50,200,100,100,0.8919
conv,100,50,100,20,0.9998
conv,100,50,100,40,0.9983
conv,100,50,100,60,0.9838
conv,100,50,100,80,0.9555
conv,100,50,100,100,0.8709
conv,100,100,100,20,1
conv,100,100,100,40,1
conv,100,100,100,60,0.9973
conv,100,100,100,80,0.9774
conv,100,100,100,100,0.9628
conv,100,200,100,20,0.9983
conv,100,200,100,40,0.9984
conv,100,200,100,60,0.9946
conv,100,200,100,80,0.9564
conv,100,200,100,100,0.9487
conv,200,50,100,20,0.9992
conv,200,50,100,40,0.9998
conv,200,50,100,60,0.9918
conv,200,50,100,80,0.9536
conv,200,50,100,100,0.8718
conv,200,100,100,20,0.9999
conv,200,100,100,40,1
conv,200,100,100,60,0.9978
conv,200,100,100,80,0.9784
conv,200,100,100,100,0.9312
conv,200,200,100,20,0.9998
conv,200,200,100,40,0.9997
conv,200,200,100,60,0.9999
conv,200,200,100,80,0.9892
conv,200,200,100,100,0.9798
td,50,50,100,20,0.9462
td,50,50,100,40,0.9569
td,50,50,100,60,0.9189
td,50,50,100,80,0.829
td,50,50,100,100,0.7954
td,50,100,100,20,0.9151
td,50,100,100,40,0.934
td,50,100,100,60,0.888
td,50,100,100,80,0.7905
td,50,100,100,100,0.7473
td,50,200,100,20,0.9323
td,50,200,100,40,0.9115
td,50,200,100,60,0.8687
td,50,200,100,80,0.7577
td,50,200,100,100,0.7425
td,100,50,100,20,0.91
td,100,50,100,40,0.9465
td,100,50,100,60,0.8739
td,100,50,100,80,0.8612
td,100,50,100,100,0.8162
td,100,100,100,20,0.9452
td,100,100,100,40,0.9554
td,100,100,100,60,0.9154
td,100,100,100,80,0.8404
td,100,100,100,100,0.7956
td,100,200,100,20,0.9373
td,100,200,100,40,0.9304
td,100,200,100,60,0.8994
td,100,200,100,80,0.8746
td,100,200,100,100,0.8135
td,200,50,100,20,0.9023
td,200,50,100,40,0.9156
td,200,50,100,60,0.862
td,200,50,100,80,0.8317
td,200,50,100,100,0.7429
td,200,100,100,20,0.9453
td,200,100,100,40,0.9459
td,200,100,100,60,0.9153
td,200,100,100,80,0.8802
td,200,100,100,100,0.8111
td,200,200,100,20,0.9802
td,200,200,100,40,0.9782
td,200,200,100,60,0.9724
td,200,200,100,80,0.9063
td,200,200,100,100,0.8933
