mode,own_bw_kbps,other_bw_kbps,other_load_percent,own_load_percent,f1
conv,50,50,100,20,1
conv,50,50,100,40,0.99
conv,50,50,100,60,0.975
conv,50,50,100,80,0.909
conv,50,50,100,100,0.85
conv,50,100,100,20,0.985
conv,50,100,100,40,0.98
conv,50,100,100,60,0.97
conv,50,100,100,80,0.856
conv,50,100,100,100,0.845
conv,50,200,100,20,0.99
conv,50,200,100,40,0.975
conv,50,200,100,60,0.971
conv,50,200,100,80,0.883
conv,50,200,100,100,0.831
conv,100,50,100,20,0.995
conv,100,50,100,40,0.985
conv,100,50,100,60,0.964
conv,100,50,100,80,0.889
conv,100,50,100,100,0.822
conv,100,100,100,20,1
conv,100,100,100,40,1
conv,100,100,100,60,0.985
conv,100,100,100,80,0.924
conv,100,100,100,100,0.884
conv,100,200,100,20,0.995
conv,100,200,100,40,0.985
conv,100,200,100,60,0.961
conv,100,200,100,80,0.912
conv,100,200,100,100,0.886
conv,200,50,100,20,0.985
conv,200,50,100,40,0.995
conv,200,50,100,60,0.959
conv,200,50,100,80,0.903
conv,200,50,100,100,0.813
conv,200,100,100,20,0.995
conv,200,100,100,40,1
conv,200,100,100,60,0.985
conv,200,100,100,80,0.949
conv,200,100,100,100,0.874
conv,200,200,100,20,0.995
conv,200,200,100,40,0.995
conv,200,200,100,60,0.99
conv,200,200,100,80,0.97
conv,200,200,100,100,0.936
td,50,50,100,20,0.887
td,50,50,100,40,0.9
td,50,50,100,60,0.868
td,50,50,100,80,0.765
td,50,50,100,100,0.761
td,50,100,100,20,0.856
td,50,100,100,40,0.867
td,50,100,100,60,0.824
td,50,100,100,80,0.759
td,50,100,100,100,0.717
td,50,200,100,20,0.863
td,50,200,100,40,0.867
td,50,200,100,60,0.805
td,50,200,100,80,0.727
td,50,200,100,100,0.73
td,100,50,100,20,0.849
td,100,50,100,40,0.889
td,100,50,100,60,0.817
td,100,50,100,80,0.819
td,100,50,100,100,0.756
td,100,100,100,20,0.884
td,100,100,100,40,0.925
td,100,100,100,60,0.836
td,100,100,100,80,0.769
td,100,100,100,100,0.736
td,100,200,100,20,0.869
td,100,200,100,40,0.867
td,100,200,100,60,0.814
td,100,200,100,80,0.814
td,100,200,100,100,0.763
td,200,50,100,20,0.846
td,200,50,100,40,0.836
td,200,50,100,60,0.8
td,200,50,100,80,0.786
td,200,50,100,100,0.727
td,200,100,100,20,0.895
td,200,100,100,40,0.872
td,200,100,100,60,0.842
td,200,100,100,80,0.822
td,200,100,100,100,0.763
td,200,200,100,20,0.945
td,200,200,100,40,0.922
td,200,200,100,60,0.921
td,200,200,100,80,0.838
td,200,200,100,100,0.828
